sr,shape_id,shape_pt_lat,shape_pt_lon,shape_dist_traveled,shape_pt_sequence
0,dfgfdhfgh_1,1.19336,-77.30668,0.0,1
1,dfgfdhfgh_1,1.19331,-77.30666,0.01,2
2,dfgfdhfgh_1,1.19298,-77.30655,0.05,3
3,dfgfdhfgh_1,1.19292,-77.30652,0.06,4
4,dfgfdhfgh_1,1.19291,-77.30646,0.07,5
5,dfgfdhfgh_1,1.19308,-77.30604,0.12,6
6,dfgfdhfgh_1,1.19312,-77.30599,0.13,7
7,dfgfdhfgh_1,1.19307,-77.306,0.14,8
8,dfgfdhfgh_1,1.19274,-77.30588,0.18,9
9,dfgfdhfgh_1,1.19272,-77.30584,0.18,10
10,dfgfdhfgh_1,1.19267,-77.30585,0.19,11
11,dfgfdhfgh_1,1.19244,-77.30575,0.22,12
12,dfgfdhfgh_1,1.19241,-77.30571,0.23,13
13,dfgfdhfgh_1,1.19236,-77.30572,0.24,14
14,dfgfdhfgh_1,1.19091,-77.30505,0.42,15
15,dfgfdhfgh_1,1.19088,-77.305,0.43,16
16,dfgfdhfgh_1,1.19083,-77.30501,0.44,17
17,dfgfdhfgh_1,1.1902,-77.30474,0.52,18
18,dfgfdhfgh_1,1.19016,-77.30469,0.53,19
19,dfgfdhfgh_1,1.19017,-77.30462,0.54,20
20,dfgfdhfgh_1,1.19061,-77.30391,0.63,21
21,dfgfdhfgh_1,1.19077,-77.3036,0.67,22
22,dfgfdhfgh_1,1.19091,-77.30334,0.7,23
23,dfgfdhfgh_1,1.19109,-77.30303,0.74,24
24,dfgfdhfgh_1,1.19123,-77.30281,0.77,25
25,dfgfdhfgh_1,1.19131,-77.3027,0.79,26
26,dfgfdhfgh_1,1.19146,-77.30253,0.82,27
27,dfgfdhfgh_1,1.19156,-77.3024,0.84,28
28,dfgfdhfgh_1,1.19162,-77.30237,0.85,29
29,dfgfdhfgh_1,1.19171,-77.30239,0.86,30
30,dfgfdhfgh_1,1.19244,-77.30286,0.96,31
31,dfgfdhfgh_1,1.19247,-77.30292,0.97,32
32,dfgfdhfgh_1,1.19256,-77.30293,0.98,33
33,dfgfdhfgh_1,1.19364,-77.30354,1.12,34
34,dfgfdhfgh_1,1.19367,-77.30361,1.13,35
35,dfgfdhfgh_1,1.19377,-77.30361,1.14,36
36,dfgfdhfgh_1,1.19387,-77.30367,1.15,37
37,dfgfdhfgh_1,1.19404,-77.30376,1.17,38
38,dfgfdhfgh_1,1.1943,-77.30391,1.2,39
39,dfgfdhfgh_1,1.19457,-77.30406,1.23,40
40,dfgfdhfgh_1,1.19482,-77.3042,1.26,41
41,dfgfdhfgh_1,1.19502,-77.30433,1.29,42
42,dfgfdhfgh_1,1.19518,-77.30443,1.31,43
43,dfgfdhfgh_1,1.19531,-77.30452,1.33,44
44,dfgfdhfgh_1,1.19541,-77.30459,1.34,45
45,dfgfdhfgh_1,1.19549,-77.30464,1.35,46
46,dfgfdhfgh_1,1.19551,-77.30469,1.36,47
47,dfgfdhfgh_1,1.1956,-77.30468,1.37,48
48,dfgfdhfgh_1,1.19563,-77.30469,1.37,49
49,dfgfdhfgh_1,1.19564,-77.30473,1.37,50
50,dfgfdhfgh_1,1.19572,-77.3047,1.38,51
51,dfgfdhfgh_1,1.19589,-77.30475,1.4,52
52,dfgfdhfgh_1,1.19592,-77.3048,1.41,53
53,dfgfdhfgh_1,1.196,-77.30478,1.42,54
54,dfgfdhfgh_1,1.19606,-77.30481,1.43,55
55,dfgfdhfgh_1,1.19607,-77.30487,1.44,56
56,dfgfdhfgh_1,1.19615,-77.30487,1.45,57
57,dfgfdhfgh_1,1.19681,-77.30526,1.54,58
58,dfgfdhfgh_1,1.19684,-77.30533,1.55,59
59,dfgfdhfgh_1,1.19688,-77.30527,1.56,60
60,dfgfdhfgh_1,1.19699,-77.30523,1.57,61
61,dfgfdhfgh_1,1.19719,-77.3052,1.59,62
62,dfgfdhfgh_1,1.19744,-77.30517,1.62,63
63,dfgfdhfgh_1,1.19766,-77.30516,1.64,64
64,dfgfdhfgh_1,1.19788,-77.30514,1.66,65
65,dfgfdhfgh_1,1.19807,-77.30513,1.68,66
66,dfgfdhfgh_1,1.19813,-77.30515,1.69,67
67,dfgfdhfgh_1,1.19818,-77.30517,1.7,68
68,dfgfdhfgh_1,1.19824,-77.30522,1.71,69
69,dfgfdhfgh_1,1.19825,-77.30527,1.72,70
70,dfgfdhfgh_1,1.19823,-77.30536,1.73,71
71,dfgfdhfgh_1,1.19819,-77.30541,1.74,72
72,dfgfdhfgh_1,1.1979,-77.30558,1.78,73
73,dfgfdhfgh_1,1.19782,-77.30563,1.79,74
74,dfgfdhfgh_1,1.19779,-77.30569,1.8,75
75,dfgfdhfgh_1,1.19777,-77.30575,1.81,76
76,dfgfdhfgh_1,1.19779,-77.30583,1.82,77
77,dfgfdhfgh_1,1.1979,-77.30588,1.83,78
78,dfgfdhfgh_1,1.19802,-77.30588,1.84,79
79,dfgfdhfgh_1,1.19814,-77.30584,1.85,80
80,dfgfdhfgh_1,1.19831,-77.30574,1.87,81
81,dfgfdhfgh_1,1.19851,-77.30559,1.9,82
82,dfgfdhfgh_1,1.19858,-77.30559,1.91,83
83,dfgfdhfgh_1,1.19866,-77.30556,1.92,84
84,dfgfdhfgh_1,1.19869,-77.30557,1.92,85
85,dfgfdhfgh_1,1.19869,-77.30563,1.93,86
86,dfgfdhfgh_1,1.19877,-77.3056,1.94,87
87,dfgfdhfgh_1,1.1992,-77.30582,1.99,88
88,dfgfdhfgh_1,1.19923,-77.30584,1.99,89
89,dfgfdhfgh_1,1.19924,-77.3059,2.0,90
90,dfgfdhfgh_1,1.19932,-77.30594,2.01,91
91,dfgfdhfgh_1,1.19938,-77.3062,2.04,92
92,dfgfdhfgh_1,1.19942,-77.3063,2.05,93
93,dfgfdhfgh_1,1.19943,-77.30631,2.05,94
94,dfgfdhfgh_1,1.19948,-77.30633,2.06,95
95,dfgfdhfgh_1,1.19952,-77.30632,2.06,96
96,dfgfdhfgh_1,1.19953,-77.30631,2.06,97
97,dfgfdhfgh_1,1.19957,-77.30633,2.06,98
98,dfgfdhfgh_1,1.19957,-77.30627,2.07,99
99,dfgfdhfgh_1,1.1996,-77.30616,2.08,100
100,dfgfdhfgh_1,1.19963,-77.30599,2.1,101
101,dfgfdhfgh_1,1.1997,-77.30565,2.14,102
102,dfgfdhfgh_1,1.19972,-77.30558,2.15,103
103,dfgfdhfgh_1,1.19977,-77.30551,2.16,104
104,dfgfdhfgh_1,1.19984,-77.30545,2.17,105
105,dfgfdhfgh_1,1.19994,-77.30538,2.18,106
106,dfgfdhfgh_1,1.20004,-77.3053,2.19,107
107,dfgfdhfgh_1,1.20009,-77.30531,2.2,108
108,dfgfdhfgh_1,1.20011,-77.30526,2.21,109
109,dfgfdhfgh_1,1.20012,-77.30524,2.21,110
110,dfgfdhfgh_1,1.20022,-77.30515,2.22,111
111,dfgfdhfgh_1,1.20032,-77.30503,2.24,112
112,dfgfdhfgh_1,1.20042,-77.30492,2.26,113
113,dfgfdhfgh_1,1.20051,-77.30479,2.28,114
114,dfgfdhfgh_1,1.20068,-77.30455,2.31,115
115,dfgfdhfgh_1,1.20096,-77.30417,2.36,116
116,dfgfdhfgh_1,1.20126,-77.30375,2.42,117
117,dfgfdhfgh_1,1.20138,-77.30358,2.44,118
118,dfgfdhfgh_1,1.20152,-77.30338,2.47,119
119,dfgfdhfgh_1,1.2016,-77.30325,2.49,120
120,dfgfdhfgh_1,1.20166,-77.30314,2.5,121
121,dfgfdhfgh_1,1.2017,-77.30297,2.52,122
122,dfgfdhfgh_1,1.2017,-77.30273,2.55,123
123,dfgfdhfgh_1,1.20166,-77.30259,2.57,124
124,dfgfdhfgh_1,1.20153,-77.30239,2.6,125
125,dfgfdhfgh_1,1.20148,-77.3023,2.61,126
126,dfgfdhfgh_1,1.20142,-77.30218,2.62,127
127,dfgfdhfgh_1,1.20138,-77.30208,2.63,128
128,dfgfdhfgh_1,1.20134,-77.30185,2.66,129
129,dfgfdhfgh_1,1.20131,-77.30161,2.69,130
130,dfgfdhfgh_1,1.2013,-77.30148,2.7,131
131,dfgfdhfgh_1,1.20132,-77.30136,2.71,132
132,dfgfdhfgh_1,1.20136,-77.30124,2.72,133
133,dfgfdhfgh_1,1.20143,-77.3011,2.74,134
134,dfgfdhfgh_1,1.20154,-77.30078,2.78,135
135,dfgfdhfgh_1,1.20161,-77.30059,2.8,136
136,dfgfdhfgh_1,1.20163,-77.30053,2.81,137
137,dfgfdhfgh_1,1.20173,-77.30032,2.84,138
138,dfgfdhfgh_1,1.20183,-77.30015,2.86,139
139,dfgfdhfgh_1,1.20201,-77.29982,2.9,140
140,dfgfdhfgh_1,1.20227,-77.29935,2.96,141
141,dfgfdhfgh_1,1.20242,-77.2991,2.99,142
142,dfgfdhfgh_1,1.20257,-77.29886,3.02,143
143,dfgfdhfgh_1,1.20266,-77.29873,3.04,144
144,dfgfdhfgh_1,1.20282,-77.29852,3.07,145
145,dfgfdhfgh_1,1.20297,-77.29835,3.1,146
146,dfgfdhfgh_1,1.20303,-77.29834,3.11,147
147,dfgfdhfgh_1,1.20297,-77.29832,3.12,148
148,dfgfdhfgh_1,1.20282,-77.29821,3.14,149
149,dfgfdhfgh_1,1.20269,-77.29811,3.16,150
150,dfgfdhfgh_1,1.20262,-77.29806,3.17,151
151,dfgfdhfgh_1,1.2026,-77.29801,3.18,152
152,dfgfdhfgh_1,1.20256,-77.298,3.18,153
153,dfgfdhfgh_1,1.2024,-77.29789,3.2,154
154,dfgfdhfgh_1,1.20237,-77.29786,3.2,155
155,dfgfdhfgh_1,1.20235,-77.29782,3.2,156
156,dfgfdhfgh_1,1.2023,-77.29782,3.21,157
157,dfgfdhfgh_1,1.20222,-77.29778,3.22,158
158,dfgfdhfgh_1,1.20209,-77.29775,3.23,159
159,dfgfdhfgh_1,1.20204,-77.29771,3.24,160
160,dfgfdhfgh_1,1.20199,-77.29772,3.25,161
161,dfgfdhfgh_1,1.20176,-77.29765,3.28,162
162,dfgfdhfgh_1,1.20174,-77.2976,3.29,163
163,dfgfdhfgh_1,1.20168,-77.2976,3.3,164
164,dfgfdhfgh_1,1.20146,-77.2975,3.33,165
165,dfgfdhfgh_1,1.20144,-77.29746,3.33,166
166,dfgfdhfgh_1,1.20139,-77.29746,3.34,167
167,dfgfdhfgh_1,1.20126,-77.2974,3.36,168
168,dfgfdhfgh_1,1.20116,-77.29735,3.37,169
169,dfgfdhfgh_1,1.20117,-77.29731,3.37,170
170,dfgfdhfgh_1,1.20111,-77.29731,3.38,171
171,dfgfdhfgh_1,1.20091,-77.2972,3.41,172
172,dfgfdhfgh_1,1.20089,-77.29715,3.42,173
173,dfgfdhfgh_1,1.20084,-77.29715,3.43,174
174,dfgfdhfgh_1,1.20064,-77.297,3.46,175
175,dfgfdhfgh_1,1.20061,-77.29694,3.47,176
176,dfgfdhfgh_1,1.20056,-77.29694,3.48,177
177,dfgfdhfgh_1,1.2003,-77.29677,3.51,178
178,dfgfdhfgh_1,1.20027,-77.29671,3.52,179
179,dfgfdhfgh_1,1.20022,-77.29672,3.53,180
180,dfgfdhfgh_1,1.2,-77.29658,3.56,181
181,dfgfdhfgh_1,1.19997,-77.29657,3.56,182
182,dfgfdhfgh_1,1.19996,-77.29652,3.57,183
183,dfgfdhfgh_1,1.19991,-77.29652,3.58,184
184,dfgfdhfgh_1,1.19978,-77.29644,3.6,185
185,dfgfdhfgh_1,1.1997,-77.2964,3.61,186
186,dfgfdhfgh_1,1.19968,-77.29635,3.62,187
187,dfgfdhfgh_1,1.19964,-77.29636,3.62,188
188,dfgfdhfgh_1,1.19942,-77.29622,3.65,189
189,dfgfdhfgh_1,1.19939,-77.29616,3.66,190
190,dfgfdhfgh_1,1.19933,-77.29616,3.67,191
191,dfgfdhfgh_1,1.19914,-77.29605,3.69,192
192,dfgfdhfgh_1,1.19911,-77.29599,3.7,193
193,dfgfdhfgh_1,1.19905,-77.29599,3.71,194
194,dfgfdhfgh_1,1.19884,-77.29586,3.74,195
195,dfgfdhfgh_1,1.19882,-77.2958,3.75,196
196,dfgfdhfgh_1,1.19877,-77.2958,3.76,197
197,dfgfdhfgh_1,1.19851,-77.29563,3.79,198
198,dfgfdhfgh_1,1.19848,-77.29557,3.8,199
199,dfgfdhfgh_1,1.19851,-77.2955,3.81,200
200,dfgfdhfgh_1,1.19873,-77.2952,3.85,201
201,dfgfdhfgh_1,1.19894,-77.29492,3.89,202
202,dfgfdhfgh_1,1.19913,-77.29467,3.92,203
203,dfgfdhfgh_1,1.19936,-77.29437,3.96,204
204,dfgfdhfgh_1,1.19964,-77.29399,4.01,205
205,dfgfdhfgh_1,1.19967,-77.29394,4.02,206
206,dfgfdhfgh_1,1.19966,-77.29389,4.03,207
207,dfgfdhfgh_1,1.19968,-77.29374,4.05,208
208,dfgfdhfgh_1,1.19972,-77.29373,4.05,209
209,dfgfdhfgh_1,1.19972,-77.29367,4.06,210
210,dfgfdhfgh_1,1.19975,-77.29364,4.06,211
211,dfgfdhfgh_1,1.1998,-77.29363,4.07,212
212,dfgfdhfgh_1,1.19998,-77.2936,4.09,213
213,dfgfdhfgh_1,1.20031,-77.29355,4.13,214
214,dfgfdhfgh_1,1.20057,-77.29352,4.16,215
215,dfgfdhfgh_1,1.20068,-77.2935,4.17,216
216,dfgfdhfgh_1,1.20073,-77.29352,4.18,217
217,dfgfdhfgh_1,1.20076,-77.29348,4.19,218
218,dfgfdhfgh_1,1.2008,-77.29345,4.2,219
219,dfgfdhfgh_1,1.20083,-77.29343,4.2,220
220,dfgfdhfgh_1,1.20087,-77.29343,4.2,221
221,dfgfdhfgh_1,1.20088,-77.29338,4.21,222
222,dfgfdhfgh_1,1.20091,-77.29333,4.22,223
223,dfgfdhfgh_1,1.20094,-77.29332,4.22,224
224,dfgfdhfgh_1,1.20102,-77.29331,4.23,225
225,dfgfdhfgh_1,1.20116,-77.2934,4.25,226
226,dfgfdhfgh_1,1.20126,-77.29347,4.26,227
227,dfgfdhfgh_1,1.20129,-77.2935,4.26,228
228,dfgfdhfgh_1,1.2013,-77.29356,4.27,229
229,dfgfdhfgh_1,1.20139,-77.29356,4.28,230
230,dfgfdhfgh_1,1.20161,-77.29372,4.31,231
231,dfgfdhfgh_1,1.20162,-77.29378,4.32,232
232,dfgfdhfgh_1,1.20167,-77.29374,4.33,233
233,dfgfdhfgh_1,1.20198,-77.29368,4.37,234
234,dfgfdhfgh_1,1.20204,-77.29371,4.38,235
235,dfgfdhfgh_1,1.20209,-77.29366,4.39,236
236,dfgfdhfgh_1,1.20293,-77.29353,4.48,237
237,dfgfdhfgh_1,1.20297,-77.29356,4.49,238
238,dfgfdhfgh_1,1.20304,-77.29352,4.5,239
239,dfgfdhfgh_1,1.20335,-77.29346,4.54,240
240,dfgfdhfgh_1,1.20343,-77.2935,4.55,241
241,dfgfdhfgh_1,1.20351,-77.2935,4.56,242
242,dfgfdhfgh_1,1.20371,-77.29364,4.59,243
243,dfgfdhfgh_1,1.20372,-77.2937,4.6,244
244,dfgfdhfgh_1,1.2038,-77.29371,4.61,245
245,dfgfdhfgh_1,1.20381,-77.29378,4.62,246
246,dfgfdhfgh_1,1.20391,-77.29381,4.63,247
247,dfgfdhfgh_1,1.20416,-77.294,4.66,248
248,dfgfdhfgh_1,1.20418,-77.29406,4.67,249
249,dfgfdhfgh_1,1.20427,-77.29408,4.68,250
250,dfgfdhfgh_1,1.2045,-77.29429,4.71,251
251,dfgfdhfgh_1,1.2045,-77.29434,4.72,252
252,dfgfdhfgh_1,1.20459,-77.29435,4.73,253
253,dfgfdhfgh_1,1.20463,-77.29439,4.74,254
254,dfgfdhfgh_1,1.205,-77.29462,4.79,255
255,dfgfdhfgh_1,1.20515,-77.29472,4.81,256
256,dfgfdhfgh_1,1.20518,-77.29478,4.82,257
257,dfgfdhfgh_1,1.20518,-77.29471,4.83,258
258,dfgfdhfgh_1,1.20543,-77.29425,4.89,259
259,dfgfdhfgh_1,1.2055,-77.2942,4.9,260
260,dfgfdhfgh_1,1.20551,-77.29412,4.91,261
261,dfgfdhfgh_1,1.2056,-77.29396,4.93,262
262,dfgfdhfgh_1,1.20566,-77.29391,4.94,263
263,dfgfdhfgh_1,1.20567,-77.29383,4.95,264
264,dfgfdhfgh_1,1.20595,-77.29335,5.01,265
265,dfgfdhfgh_1,1.20601,-77.29331,5.02,266
266,dfgfdhfgh_1,1.20603,-77.29323,5.03,267
267,dfgfdhfgh_1,1.20643,-77.29277,5.1,268
268,dfgfdhfgh_1,1.20653,-77.29266,5.12,269
269,dfgfdhfgh_1,1.20658,-77.29264,5.13,270
270,dfgfdhfgh_1,1.20661,-77.29256,5.14,271
271,dfgfdhfgh_1,1.20707,-77.29202,5.22,272
272,dfgfdhfgh_1,1.20713,-77.29199,5.23,273
273,dfgfdhfgh_1,1.20717,-77.2919,5.24,274
274,dfgfdhfgh_1,1.20735,-77.29165,5.27,275
275,dfgfdhfgh_1,1.20742,-77.29163,5.28,276
276,dfgfdhfgh_1,1.20744,-77.29156,5.29,277
277,dfgfdhfgh_1,1.20869,-77.29,5.51,278
278,dfgfdhfgh_1,1.20876,-77.28996,5.52,279
279,dfgfdhfgh_1,1.20875,-77.28992,5.52,280
280,dfgfdhfgh_1,1.20877,-77.28989,5.52,281
281,dfgfdhfgh_1,1.20881,-77.2899,5.52,282
282,dfgfdhfgh_1,1.20881,-77.28987,5.52,283
283,dfgfdhfgh_1,1.2088,-77.28986,5.52,284
284,dfgfdhfgh_1,1.20883,-77.28982,5.53,285
285,dfgfdhfgh_1,1.20886,-77.28984,5.53,286
286,dfgfdhfgh_1,1.20886,-77.2898,5.53,287
287,dfgfdhfgh_1,1.20888,-77.28976,5.53,288
288,dfgfdhfgh_1,1.20891,-77.28978,5.53,289
289,dfgfdhfgh_1,1.20899,-77.28978,5.54,290
290,dfgfdhfgh_1,1.20902,-77.28983,5.55,291
291,dfgfdhfgh_1,1.20899,-77.28988,5.56,292
292,dfgfdhfgh_1,1.20907,-77.28991,5.57,293
293,dfgfdhfgh_1,1.20933,-77.29024,5.62,294
294,dfgfdhfgh_1,1.20951,-77.29047,5.65,295
295,dfgfdhfgh_1,1.20953,-77.29049,5.65,296
296,dfgfdhfgh_1,1.20953,-77.29056,5.66,297
297,dfgfdhfgh_1,1.20961,-77.29059,5.67,298
298,dfgfdhfgh_1,1.20967,-77.29068,5.68,299
299,dfgfdhfgh_1,1.20977,-77.29081,5.7,300
300,dfgfdhfgh_1,1.20997,-77.29105,5.73,301
301,dfgfdhfgh_1,1.21013,-77.29125,5.76,302
302,dfgfdhfgh_1,1.21019,-77.29132,5.77,303
303,dfgfdhfgh_1,1.21027,-77.29139,5.78,304
304,dfgfdhfgh_1,1.21035,-77.29146,5.79,305
305,dfgfdhfgh_1,1.21045,-77.29156,5.81,306
306,dfgfdhfgh_1,1.21048,-77.29158,5.81,307
307,dfgfdhfgh_1,1.21049,-77.29166,5.82,308
308,dfgfdhfgh_1,1.21058,-77.29166,5.83,309
309,dfgfdhfgh_1,1.21076,-77.29178,5.85,310
310,dfgfdhfgh_1,1.21077,-77.29183,5.86,311
311,dfgfdhfgh_1,1.21086,-77.29186,5.87,312
312,dfgfdhfgh_1,1.21108,-77.29194,5.9,313
313,dfgfdhfgh_1,1.21118,-77.29197,5.91,314
314,dfgfdhfgh_1,1.21138,-77.292,5.93,315
315,dfgfdhfgh_1,1.21148,-77.29201,5.94,316
316,dfgfdhfgh_1,1.21153,-77.29203,5.95,317
317,dfgfdhfgh_1,1.21162,-77.29201,5.96,318
318,dfgfdhfgh_1,1.21174,-77.29201,5.97,319
319,dfgfdhfgh_1,1.21199,-77.29199,6.0,320
320,dfgfdhfgh_1,1.21215,-77.29197,6.02,321
321,dfgfdhfgh_1,1.21219,-77.29196,6.02,322
322,dfgfdhfgh_1,1.21224,-77.29201,6.03,323
323,dfgfdhfgh_1,1.21228,-77.29194,6.04,324
324,dfgfdhfgh_1,1.21241,-77.29186,6.06,325
325,dfgfdhfgh_1,1.21248,-77.29181,6.07,326
326,dfgfdhfgh_1,1.21254,-77.29183,6.08,327
327,dfgfdhfgh_1,1.21253,-77.29177,6.09,328
328,dfgfdhfgh_1,1.2126,-77.29173,6.1,329
329,dfgfdhfgh_1,1.21262,-77.29171,6.1,330
330,dfgfdhfgh_1,1.2127,-77.29171,6.11,331
331,dfgfdhfgh_1,1.21273,-77.29177,6.12,332
332,dfgfdhfgh_1,1.21278,-77.2917,6.13,333
333,dfgfdhfgh_1,1.21293,-77.29163,6.15,334
334,dfgfdhfgh_1,1.21317,-77.2915,6.18,335
335,dfgfdhfgh_1,1.21324,-77.29146,6.19,336
336,dfgfdhfgh_1,1.21329,-77.29145,6.2,337
337,dfgfdhfgh_1,1.21335,-77.29146,6.21,338
338,dfgfdhfgh_1,1.21335,-77.29141,6.22,339
339,dfgfdhfgh_1,1.21341,-77.29135,6.23,340
340,dfgfdhfgh_1,1.21362,-77.29123,6.26,341
341,dfgfdhfgh_1,1.21388,-77.29108,6.29,342
342,dfgfdhfgh_1,1.21414,-77.29093,6.32,343
343,dfgfdhfgh_1,1.21433,-77.29084,6.34,344
344,dfgfdhfgh_1,1.21445,-77.29078,6.35,345
345,dfgfdhfgh_1,1.21453,-77.29077,6.36,346
346,dfgfdhfgh_1,1.21445,-77.29073,6.37,347
347,dfgfdhfgh_1,1.21426,-77.29051,6.4,348
348,dfgfdhfgh_1,1.21415,-77.29038,6.42,349
349,dfgfdhfgh_1,1.21413,-77.29032,6.43,350
350,dfgfdhfgh_1,1.21408,-77.29029,6.44,351
351,dfgfdhfgh_1,1.21386,-77.29,6.48,352
352,dfgfdhfgh_1,1.21378,-77.28989,6.5,353
353,dfgfdhfgh_1,1.21375,-77.28981,6.51,354
354,dfgfdhfgh_1,1.21368,-77.28979,6.52,355
355,dfgfdhfgh_1,1.21355,-77.28962,6.54,356
356,dfgfdhfgh_1,1.21344,-77.2895,6.56,357
357,dfgfdhfgh_1,1.21337,-77.28943,6.57,358
358,dfgfdhfgh_1,1.21337,-77.28937,6.58,359
359,dfgfdhfgh_1,1.21331,-77.28932,6.59,360
360,dfgfdhfgh_1,1.21307,-77.28907,6.63,361
361,dfgfdhfgh_1,1.21298,-77.28899,6.64,362
362,dfgfdhfgh_1,1.21295,-77.28895,6.65,363
363,dfgfdhfgh_1,1.21298,-77.28888,6.66,364
364,dfgfdhfgh_1,1.21314,-77.28874,6.68,365
365,dfgfdhfgh_1,1.21327,-77.28863,6.7,366
366,dfgfdhfgh_1,1.2134,-77.28852,6.72,367
367,dfgfdhfgh_1,1.21347,-77.2885,6.73,368
368,dfgfdhfgh_1,1.21351,-77.28843,6.74,369
369,dfgfdhfgh_1,1.21375,-77.28823,6.77,370
370,dfgfdhfgh_1,1.21393,-77.28808,6.8,371
371,dfgfdhfgh_1,1.21414,-77.2879,6.83,372
372,dfgfdhfgh_1,1.21417,-77.28787,6.83,373
373,dfgfdhfgh_1,1.21423,-77.28786,6.84,374
374,dfgfdhfgh_1,1.21418,-77.28784,6.85,375
375,dfgfdhfgh_1,1.21411,-77.28776,6.86,376
376,dfgfdhfgh_1,1.21412,-77.28769,6.87,377
377,dfgfdhfgh_1,1.21407,-77.2877,6.88,378
378,dfgfdhfgh_1,1.21387,-77.28741,6.92,379
379,dfgfdhfgh_1,1.21386,-77.28732,6.93,380
380,dfgfdhfgh_1,1.2139,-77.28725,6.94,381
381,dfgfdhfgh_1,1.21419,-77.28704,6.98,382
382,dfgfdhfgh_1,1.21428,-77.28698,6.99,383
383,dfgfdhfgh_1,1.21435,-77.28695,7.0,384
384,dfgfdhfgh_1,1.21439,-77.28687,7.01,385
385,dfgfdhfgh_1,1.21458,-77.28671,7.04,386
386,dfgfdhfgh_1,1.21471,-77.28658,7.06,387
387,dfgfdhfgh_1,1.21477,-77.28657,7.07,388
388,dfgfdhfgh_1,1.2148,-77.2865,7.08,389
389,dfgfdhfgh_1,1.21503,-77.28628,7.12,390
390,dfgfdhfgh_1,1.21515,-77.28616,7.14,391
391,dfgfdhfgh_1,1.21523,-77.28615,7.15,392
392,dfgfdhfgh_1,1.21527,-77.28606,7.16,393
393,dfgfdhfgh_1,1.21563,-77.28572,7.22,394
394,dfgfdhfgh_1,1.21569,-77.28567,7.23,395
395,dfgfdhfgh_1,1.21574,-77.28566,7.24,396
396,dfgfdhfgh_1,1.21578,-77.28559,7.25,397
397,dfgfdhfgh_1,1.21606,-77.28534,7.29,398
398,dfgfdhfgh_1,1.21621,-77.2852,7.31,399
399,dfgfdhfgh_1,1.21628,-77.28518,7.32,400
400,dfgfdhfgh_1,1.21633,-77.2851,7.33,401
401,dfgfdhfgh_1,1.2166,-77.28486,7.37,402
402,dfgfdhfgh_1,1.21679,-77.28469,7.4,403
403,dfgfdhfgh_1,1.21694,-77.28456,7.42,404
404,dfgfdhfgh_1,1.21699,-77.28454,7.43,405
405,dfgfdhfgh_1,1.21703,-77.28446,7.44,406
406,dfgfdhfgh_1,1.21715,-77.28433,7.46,407
407,dfgfdhfgh_1,1.2173,-77.28417,7.48,408
408,dfgfdhfgh_1,1.21742,-77.28406,7.5,409
409,dfgfdhfgh_1,1.21748,-77.28404,7.51,410
410,dfgfdhfgh_1,1.2175,-77.28398,7.52,411
411,dfgfdhfgh_1,1.21757,-77.28391,7.53,412
412,dfgfdhfgh_1,1.21763,-77.28389,7.54,413
413,dfgfdhfgh_1,1.21756,-77.28388,7.55,414
414,dfgfdhfgh_1,1.21731,-77.28366,7.59,415
415,dfgfdhfgh_1,1.21712,-77.28348,7.62,416
416,dfgfdhfgh_1,1.21689,-77.28327,7.65,417
417,dfgfdhfgh_1,1.21673,-77.28312,7.67,418
418,dfgfdhfgh_1,1.2167,-77.28309,7.67,419
419,dfgfdhfgh_1,1.21668,-77.28303,7.68,420
420,dfgfdhfgh_1,1.21672,-77.28295,7.69,421
421,dfgfdhfgh_1,1.21699,-77.28268,7.73,422
422,dfgfdhfgh_1,1.21724,-77.28241,7.77,423
423,dfgfdhfgh_1,1.21726,-77.28237,7.77,424
424,dfgfdhfgh_1,1.21732,-77.28234,7.78,425
425,dfgfdhfgh_1,1.21734,-77.28225,7.79,426
426,dfgfdhfgh_1,1.21744,-77.28201,7.82,427
427,dfgfdhfgh_1,1.21748,-77.28197,7.83,428
428,dfgfdhfgh_1,1.21749,-77.28189,7.84,429
429,dfgfdhfgh_1,1.2178,-77.28126,7.92,430
430,dfgfdhfgh_1,1.21785,-77.2812,7.93,431
431,dfgfdhfgh_1,1.21788,-77.2811,7.94,432
432,dfgfdhfgh_1,1.21822,-77.28045,8.02,433
433,dfgfdhfgh_1,1.21829,-77.28037,8.03,434
434,dfgfdhfgh_1,1.2183,-77.28029,8.04,435
435,dfgfdhfgh_1,1.21846,-77.27997,8.08,436
436,dfgfdhfgh_1,1.21861,-77.27968,8.12,437
437,dfgfdhfgh_1,1.21865,-77.2796,8.13,438
438,dfgfdhfgh_1,1.2187,-77.27956,8.14,439
439,dfgfdhfgh_1,1.2187,-77.27948,8.15,440
440,dfgfdhfgh_1,1.21881,-77.27917,8.19,441
441,dfgfdhfgh_1,1.21885,-77.27913,8.2,442
442,dfgfdhfgh_1,1.21886,-77.27906,8.21,443
443,dfgfdhfgh_1,1.21903,-77.27875,8.25,444
444,dfgfdhfgh_1,1.21908,-77.27872,8.26,445
445,dfgfdhfgh_1,1.21907,-77.27866,8.27,446
446,dfgfdhfgh_1,1.21925,-77.27828,8.32,447
447,dfgfdhfgh_1,1.21933,-77.27812,8.34,448
448,dfgfdhfgh_1,1.21938,-77.27809,8.35,449
449,dfgfdhfgh_1,1.21931,-77.27808,8.36,450
450,dfgfdhfgh_1,1.21906,-77.27782,8.4,451
451,dfgfdhfgh_1,1.21904,-77.27775,8.41,452
452,dfgfdhfgh_1,1.21898,-77.27775,8.42,453
453,dfgfdhfgh_1,1.21879,-77.27759,8.45,454
454,dfgfdhfgh_1,1.2187,-77.27752,8.46,455
455,dfgfdhfgh_1,1.21869,-77.27744,8.47,456
456,dfgfdhfgh_1,1.21862,-77.27745,8.48,457
457,dfgfdhfgh_1,1.21841,-77.27739,8.5,458
458,dfgfdhfgh_1,1.21823,-77.27735,8.52,459
459,dfgfdhfgh_1,1.21817,-77.27733,8.53,460
460,dfgfdhfgh_1,1.21813,-77.27729,8.54,461
461,dfgfdhfgh_1,1.21807,-77.27728,8.55,462
462,dfgfdhfgh_1,1.21772,-77.27717,8.59,463
463,dfgfdhfgh_1,1.21766,-77.27714,8.6,464
464,dfgfdhfgh_1,1.2176,-77.27715,8.61,465
465,dfgfdhfgh_1,1.21732,-77.27703,8.64,466
466,dfgfdhfgh_1,1.2173,-77.27699,8.64,467
467,dfgfdhfgh_1,1.21724,-77.277,8.65,468
468,dfgfdhfgh_1,1.21683,-77.27683,8.7,469
469,dfgfdhfgh_1,1.21679,-77.27677,8.71,470
470,dfgfdhfgh_1,1.21672,-77.27677,8.72,471
471,dfgfdhfgh_1,1.21617,-77.27653,8.79,472
472,dfgfdhfgh_1,1.21598,-77.27645,8.81,473
473,dfgfdhfgh_1,1.21596,-77.27641,8.81,474
474,dfgfdhfgh_1,1.2159,-77.27641,8.82,475
475,dfgfdhfgh_1,1.21552,-77.27626,8.87,476
476,dfgfdhfgh_1,1.21526,-77.27615,8.9,477
477,dfgfdhfgh_1,1.21518,-77.27612,8.91,478
478,dfgfdhfgh_1,1.2151,-77.27605,8.92,479
479,dfgfdhfgh_1,1.21501,-77.27604,8.93,480
480,dfgfdhfgh_1,1.21431,-77.27574,9.01,481
481,dfgfdhfgh_1,1.21426,-77.27568,9.02,482
482,dfgfdhfgh_1,1.21419,-77.27568,9.03,483
483,dfgfdhfgh_1,1.21386,-77.27555,9.07,484
484,dfgfdhfgh_1,1.21362,-77.27546,9.1,485
485,dfgfdhfgh_1,1.21356,-77.27541,9.11,486
486,dfgfdhfgh_1,1.21352,-77.27543,9.11,487
487,dfgfdhfgh_1,1.21341,-77.27542,9.12,488
488,dfgfdhfgh_1,1.21334,-77.27538,9.13,489
489,dfgfdhfgh_1,1.21329,-77.27541,9.14,490
490,dfgfdhfgh_1,1.21317,-77.27543,9.15,491
491,dfgfdhfgh_1,1.21309,-77.2754,9.16,492
492,dfgfdhfgh_1,1.21305,-77.27545,9.17,493
493,dfgfdhfgh_1,1.21257,-77.27558,9.23,494
494,dfgfdhfgh_1,1.21248,-77.27558,9.24,495
495,dfgfdhfgh_1,1.21242,-77.27557,9.25,496
496,dfgfdhfgh_1,1.2123,-77.27547,9.27,497
497,dfgfdhfgh_1,1.21229,-77.27541,9.28,498
498,dfgfdhfgh_1,1.21222,-77.27541,9.29,499
499,dfgfdhfgh_1,1.21206,-77.27526,9.31,500
500,dfgfdhfgh_1,1.21194,-77.27515,9.33,501
501,dfgfdhfgh_1,1.21181,-77.27503,9.35,502
502,dfgfdhfgh_1,1.21177,-77.27501,9.35,503
503,dfgfdhfgh_1,1.21174,-77.27501,9.35,504
504,dfgfdhfgh_1,1.21169,-77.27496,9.36,505
505,dfgfdhfgh_1,1.21165,-77.27492,9.37,506
506,dfgfdhfgh_1,1.21164,-77.27487,9.38,507
507,dfgfdhfgh_1,1.21157,-77.27488,9.39,508
508,dfgfdhfgh_1,1.21131,-77.27471,9.42,509
509,dfgfdhfgh_1,1.2113,-77.27464,9.43,510
510,dfgfdhfgh_1,1.21122,-77.27464,9.44,511
511,dfgfdhfgh_1,1.21099,-77.27446,9.47,512
512,dfgfdhfgh_1,1.21083,-77.27433,9.49,513
513,dfgfdhfgh_1,1.21079,-77.27424,9.5,514
514,dfgfdhfgh_1,1.2108,-77.27432,9.51,515
515,dfgfdhfgh_1,1.21064,-77.27466,9.55,516
516,dfgfdhfgh_1,1.21057,-77.27471,9.56,517
517,dfgfdhfgh_1,1.21059,-77.27478,9.57,518
518,dfgfdhfgh_1,1.2105,-77.27495,9.59,519
519,dfgfdhfgh_1,1.21044,-77.27499,9.6,520
520,dfgfdhfgh_1,1.21045,-77.27506,9.61,521
521,dfgfdhfgh_1,1.21035,-77.27525,9.63,522
522,dfgfdhfgh_1,1.21028,-77.27539,9.65,523
523,dfgfdhfgh_1,1.21027,-77.27541,9.65,524
524,dfgfdhfgh_1,1.21021,-77.27545,9.66,525
525,dfgfdhfgh_1,1.21023,-77.2755,9.67,526
526,dfgfdhfgh_1,1.21009,-77.2758,9.71,527
527,dfgfdhfgh_1,1.21003,-77.27585,9.72,528
528,dfgfdhfgh_1,1.21004,-77.27593,9.73,529
529,dfgfdhfgh_1,1.20972,-77.2767,9.82,530
530,dfgfdhfgh_1,1.20966,-77.27675,9.83,531
531,dfgfdhfgh_1,1.20967,-77.27684,9.84,532
532,dfgfdhfgh_1,1.20941,-77.27742,9.91,533
533,dfgfdhfgh_1,1.20934,-77.27747,9.92,534
534,dfgfdhfgh_1,1.20927,-77.27747,9.93,535
535,dfgfdhfgh_1,1.20916,-77.27737,9.95,536
536,dfgfdhfgh_1,1.20901,-77.27725,9.97,537
537,dfgfdhfgh_1,1.20892,-77.27718,9.98,538
538,dfgfdhfgh_1,1.20876,-77.2771,10.0,539
539,dfgfdhfgh_1,1.2084,-77.27695,10.04,540
540,dfgfdhfgh_1,1.20826,-77.27689,10.06,541
541,dfgfdhfgh_1,1.20823,-77.27682,10.07,542
542,dfgfdhfgh_1,1.20817,-77.27684,10.08,543
543,dfgfdhfgh_1,1.20816,-77.27679,10.09,544
544,dfgfdhfgh_1,1.20809,-77.2768,10.1,545
545,dfgfdhfgh_1,1.20752,-77.27658,10.17,546
546,dfgfdhfgh_1,1.20735,-77.2765,10.19,547
547,dfgfdhfgh_1,1.20731,-77.27644,10.2,548
548,dfgfdhfgh_1,1.20724,-77.27646,10.21,549
549,dfgfdhfgh_1,1.20682,-77.27629,10.26,550
550,dfgfdhfgh_1,1.20662,-77.27621,10.28,551
551,dfgfdhfgh_1,1.20637,-77.27611,10.31,552
552,dfgfdhfgh_1,1.20618,-77.27603,10.33,553
553,dfgfdhfgh_1,1.20602,-77.27597,10.35,554
554,dfgfdhfgh_1,1.20583,-77.2759,10.37,555
555,dfgfdhfgh_1,1.20578,-77.27588,10.38,556
556,dfgfdhfgh_1,1.20574,-77.27582,10.39,557
557,dfgfdhfgh_1,1.20567,-77.27583,10.4,558
558,dfgfdhfgh_1,1.20534,-77.2757,10.44,559
559,dfgfdhfgh_1,1.20507,-77.27559,10.47,560
560,dfgfdhfgh_1,1.2049,-77.27552,10.49,561
561,dfgfdhfgh_1,1.2048,-77.27548,10.5,562
562,dfgfdhfgh_1,1.20476,-77.27542,10.51,563
563,dfgfdhfgh_1,1.2047,-77.27545,10.52,564
564,dfgfdhfgh_1,1.20458,-77.27548,10.53,565
565,dfgfdhfgh_1,1.20448,-77.27553,10.54,566
566,dfgfdhfgh_1,1.20445,-77.27555,10.54,567
567,dfgfdhfgh_1,1.20437,-77.27554,10.55,568
568,dfgfdhfgh_1,1.20436,-77.2756,10.56,569
569,dfgfdhfgh_1,1.20428,-77.27558,10.57,570
570,dfgfdhfgh_1,1.20424,-77.2756,10.57,571
571,dfgfdhfgh_1,1.20419,-77.27561,10.58,572
572,dfgfdhfgh_1,1.20414,-77.27557,10.59,573
573,dfgfdhfgh_1,1.20411,-77.27561,10.6,574
574,dfgfdhfgh_1,1.20405,-77.27556,10.61,575
575,dfgfdhfgh_1,1.20398,-77.27557,10.62,576
576,dfgfdhfgh_1,1.20383,-77.27548,10.64,577
577,dfgfdhfgh_1,1.20366,-77.27538,10.66,578
578,dfgfdhfgh_1,1.20346,-77.27528,10.68,579
579,dfgfdhfgh_1,1.20322,-77.27515,10.71,580
580,dfgfdhfgh_1,1.20303,-77.27504,10.73,581
581,dfgfdhfgh_1,1.20282,-77.27492,10.76,582
582,dfgfdhfgh_1,1.20273,-77.27487,10.77,583
583,dfgfdhfgh_1,1.20268,-77.27481,10.78,584
584,dfgfdhfgh_1,1.20261,-77.2748,10.79,585
585,dfgfdhfgh_1,1.20238,-77.27469,10.82,586
586,dfgfdhfgh_1,1.20234,-77.27463,10.83,587
587,dfgfdhfgh_1,1.20229,-77.27464,10.84,588
588,dfgfdhfgh_1,1.2021,-77.27454,10.86,589
589,dfgfdhfgh_1,1.20204,-77.2745,10.87,590
590,dfgfdhfgh_1,1.20203,-77.27446,10.87,591
591,dfgfdhfgh_1,1.20197,-77.27446,10.88,592
592,dfgfdhfgh_1,1.20187,-77.27438,10.89,593
593,dfgfdhfgh_1,1.20186,-77.27433,10.9,594
594,dfgfdhfgh_1,1.2018,-77.27434,10.91,595
595,dfgfdhfgh_1,1.20165,-77.27427,10.93,596
596,dfgfdhfgh_1,1.20156,-77.27422,10.94,597
597,dfgfdhfgh_1,1.20152,-77.27417,10.95,598
598,dfgfdhfgh_1,1.20146,-77.27417,10.96,599
599,dfgfdhfgh_1,1.20134,-77.27411,10.97,600
600,dfgfdhfgh_1,1.20131,-77.27405,10.98,601
601,dfgfdhfgh_1,1.20127,-77.27406,10.98,602
602,dfgfdhfgh_1,1.20123,-77.27404,10.98,603
603,dfgfdhfgh_1,1.20122,-77.27399,10.99,604
604,dfgfdhfgh_1,1.20117,-77.274,11.0,605
605,dfgfdhfgh_1,1.20088,-77.27384,11.04,606
606,dfgfdhfgh_1,1.20066,-77.27372,11.07,607
607,dfgfdhfgh_1,1.20043,-77.27359,11.1,608
608,dfgfdhfgh_1,1.2004,-77.27357,11.1,609
609,dfgfdhfgh_1,1.20038,-77.27352,11.11,610
610,dfgfdhfgh_1,1.20031,-77.27352,11.12,611
611,dfgfdhfgh_1,1.20002,-77.27333,11.16,612
612,dfgfdhfgh_1,1.19983,-77.27322,11.18,613
613,dfgfdhfgh_1,1.19967,-77.27313,11.2,614
614,dfgfdhfgh_1,1.19957,-77.27309,11.21,615
615,dfgfdhfgh_1,1.19952,-77.27302,11.22,616
616,dfgfdhfgh_1,1.19947,-77.27303,11.23,617
617,dfgfdhfgh_1,1.19941,-77.27301,11.24,618
618,dfgfdhfgh_1,1.19939,-77.27296,11.25,619
619,dfgfdhfgh_1,1.19938,-77.27288,11.26,620
620,dfgfdhfgh_1,1.19959,-77.27254,11.3,621
621,dfgfdhfgh_1,1.19974,-77.27233,11.33,622
622,dfgfdhfgh_1,1.19993,-77.27205,11.37,623
623,dfgfdhfgh_1,1.20018,-77.2717,11.42,624
624,dfgfdhfgh_1,1.20024,-77.2717,11.43,625
625,dfgfdhfgh_1,1.20015,-77.27165,11.44,626
626,dfgfdhfgh_1,1.1998,-77.27115,11.51,627
627,dfgfdhfgh_1,1.19961,-77.27089,11.55,628
628,dfgfdhfgh_1,1.19951,-77.27076,11.57,629
629,dfgfdhfgh_1,1.19949,-77.27073,11.57,630
630,dfgfdhfgh_1,1.19948,-77.27067,11.58,631
631,dfgfdhfgh_1,1.19942,-77.27064,11.59,632
632,dfgfdhfgh_1,1.19926,-77.27043,11.62,633
633,dfgfdhfgh_1,1.19912,-77.27029,11.64,634
634,dfgfdhfgh_1,1.19905,-77.27024,11.65,635
635,dfgfdhfgh_1,1.19902,-77.27017,11.66,636
636,dfgfdhfgh_1,1.19899,-77.27015,11.66,637
637,dfgfdhfgh_1,1.19898,-77.27011,11.66,638
638,dfgfdhfgh_1,1.199,-77.27008,11.66,639
639,dfgfdhfgh_1,1.19894,-77.27007,11.67,640
640,dfgfdhfgh_1,1.1988,-77.26996,11.69,641
641,dfgfdhfgh_1,1.19875,-77.2699,11.7,642
642,dfgfdhfgh_1,1.19871,-77.26986,11.71,643
643,dfgfdhfgh_1,1.19869,-77.26977,11.72,644
644,dfgfdhfgh_1,1.19877,-77.26945,11.76,645
645,dfgfdhfgh_1,1.19879,-77.26941,11.76,646
646,dfgfdhfgh_1,1.19881,-77.26937,11.76,647
647,dfgfdhfgh_1,1.19881,-77.26931,11.77,648
648,dfgfdhfgh_1,1.19886,-77.26924,11.78,649
649,dfgfdhfgh_1,1.1989,-77.26925,11.78,650
650,dfgfdhfgh_1,1.19893,-77.2692,11.79,651
651,dfgfdhfgh_1,1.19899,-77.26918,11.8,652
652,dfgfdhfgh_1,1.19903,-77.2692,11.8,653
653,dfgfdhfgh_1,1.19905,-77.26915,11.81,654
654,dfgfdhfgh_1,1.19912,-77.26913,11.82,655
655,dfgfdhfgh_1,1.19918,-77.2691,11.83,656
656,dfgfdhfgh_1,1.19925,-77.2691,11.84,657
657,dfgfdhfgh_1,1.19932,-77.26907,11.85,658
658,dfgfdhfgh_1,1.19936,-77.26909,11.85,659
659,dfgfdhfgh_1,1.19936,-77.26905,11.85,660
660,dfgfdhfgh_1,1.19944,-77.26893,11.87,661
661,dfgfdhfgh_1,1.19946,-77.2689,11.87,662
662,dfgfdhfgh_1,1.19951,-77.26888,11.88,663
663,dfgfdhfgh_1,1.19952,-77.2688,11.89,664
664,dfgfdhfgh_1,1.1996,-77.26865,11.91,665
665,dfgfdhfgh_1,1.19965,-77.26854,11.92,666
666,dfgfdhfgh_1,1.19966,-77.26846,11.93,667
667,dfgfdhfgh_1,1.1997,-77.26844,11.93,668
668,dfgfdhfgh_1,1.19965,-77.26839,11.94,669
669,dfgfdhfgh_1,1.19964,-77.26831,11.95,670
670,dfgfdhfgh_1,1.19965,-77.26825,11.96,671
671,dfgfdhfgh_1,1.19967,-77.2682,11.97,672
672,dfgfdhfgh_1,1.19971,-77.26818,11.97,673
673,dfgfdhfgh_1,1.19967,-77.26815,11.98,674
674,dfgfdhfgh_1,1.19962,-77.26799,12.0,675
675,dfgfdhfgh_1,1.19963,-77.26791,12.01,676
676,dfgfdhfgh_1,1.19957,-77.26784,12.02,677
677,dfgfdhfgh_1,1.19953,-77.26772,12.03,678
678,dfgfdhfgh_1,1.19946,-77.26761,12.04,679
679,dfgfdhfgh_1,1.19939,-77.26753,12.05,680
680,dfgfdhfgh_1,1.19937,-77.26746,12.06,681
681,dfgfdhfgh_1,1.19931,-77.26742,12.07,682
682,dfgfdhfgh_1,1.19922,-77.2673,12.09,683
683,dfgfdhfgh_1,1.19911,-77.26714,12.11,684
684,dfgfdhfgh_1,1.19905,-77.26706,12.12,685
685,dfgfdhfgh_1,1.19903,-77.26702,12.12,686
686,dfgfdhfgh_1,1.19901,-77.26695,12.13,687
687,dfgfdhfgh_1,1.19896,-77.26698,12.14,688
688,dfgfdhfgh_1,1.19894,-77.26703,12.15,689
689,dfgfdhfgh_1,1.19888,-77.26708,12.16,690
690,dfgfdhfgh_1,1.19887,-77.26715,12.17,691
691,dfgfdhfgh_1,1.19882,-77.26718,12.18,692
692,dfgfdhfgh_1,1.19875,-77.26721,12.19,693
693,dfgfdhfgh_1,1.19864,-77.26722,12.2,694
694,dfgfdhfgh_1,1.19851,-77.26723,12.21,695
695,dfgfdhfgh_1,1.19838,-77.26722,12.22,696
696,dfgfdhfgh_1,1.19835,-77.26718,12.23,697
697,dfgfdhfgh_1,1.1983,-77.26721,12.24,698
698,dfgfdhfgh_1,1.19814,-77.26716,12.26,699
699,dfgfdhfgh_1,1.19804,-77.26711,12.27,700
700,dfgfdhfgh_1,1.19797,-77.26709,12.28,701
701,dfgfdhfgh_1,1.19792,-77.26703,12.29,702
702,dfgfdhfgh_1,1.19789,-77.26707,12.3,703
703,dfgfdhfgh_1,1.19774,-77.26709,12.32,704
704,dfgfdhfgh_1,1.19759,-77.26712,12.34,705
705,dfgfdhfgh_1,1.19754,-77.26713,12.35,706
706,dfgfdhfgh_1,1.19749,-77.26709,12.36,707
707,dfgfdhfgh_1,1.19751,-77.26715,12.37,708
708,dfgfdhfgh_1,1.19745,-77.26711,12.38,709
709,dfgfdhfgh_1,1.19744,-77.26717,12.39,710
710,dfgfdhfgh_1,1.19725,-77.26726,12.41,711
711,dfgfdhfgh_1,1.19717,-77.26726,12.42,712
712,dfgfdhfgh_1,1.19716,-77.26732,12.43,713
713,dfgfdhfgh_1,1.1971,-77.26734,12.44,714
714,dfgfdhfgh_1,1.19702,-77.26735,12.45,715
715,dfgfdhfgh_1,1.197,-77.2674,12.46,716
716,dfgfdhfgh_1,1.19681,-77.2675,12.48,717
717,dfgfdhfgh_1,1.19672,-77.26749,12.49,718
718,dfgfdhfgh_1,1.1967,-77.26754,12.5,719
719,dfgfdhfgh_1,1.19665,-77.26755,12.51,720
720,dfgfdhfgh_1,1.1966,-77.26756,12.52,721
721,dfgfdhfgh_1,1.19657,-77.26752,12.53,722
722,dfgfdhfgh_1,1.19652,-77.26757,12.54,723
723,dfgfdhfgh_1,1.19636,-77.26757,12.56,724
724,dfgfdhfgh_1,1.19625,-77.26758,12.57,725
725,dfgfdhfgh_1,1.1961,-77.2676,12.59,726
726,dfgfdhfgh_1,1.196,-77.26762,12.6,727
727,dfgfdhfgh_1,1.19594,-77.26764,12.61,728
728,dfgfdhfgh_1,1.19591,-77.26765,12.61,729
729,dfgfdhfgh_1,1.19588,-77.26766,12.61,730
730,dfgfdhfgh_1,1.19579,-77.26766,12.62,731
731,dfgfdhfgh_1,1.19584,-77.2677,12.63,732
732,dfgfdhfgh_1,1.19584,-77.26773,12.63,733
733,dfgfdhfgh_1,1.19584,-77.26775,12.63,734
734,dfgfdhfgh_1,1.19582,-77.26779,12.63,735
735,dfgfdhfgh_1,1.19582,-77.2678,12.63,736
736,dfgfdhfgh_1,1.19574,-77.26781,12.64,737
737,dfgfdhfgh_1,1.1958,-77.26785,12.65,738
738,dfgfdhfgh_1,1.1958,-77.26791,12.66,739
739,dfgfdhfgh_1,1.1958,-77.26797,12.67,740
740,dfgfdhfgh_1,1.19579,-77.26799,12.67,741
741,dfgfdhfgh_1,1.19573,-77.26802,12.68,742
742,dfgfdhfgh_1,1.19578,-77.26806,12.69,743
743,dfgfdhfgh_1,1.19577,-77.26814,12.7,744
744,dfgfdhfgh_1,1.19576,-77.26819,12.71,745
745,dfgfdhfgh_1,1.19569,-77.26823,12.72,746
746,dfgfdhfgh_1,1.1957,-77.2683,12.73,747
747,dfgfdhfgh_1,1.19565,-77.26837,12.74,748
748,dfgfdhfgh_1,1.19562,-77.2684,12.74,749
749,dfgfdhfgh_1,1.19554,-77.26841,12.75,750
750,dfgfdhfgh_1,1.19554,-77.26847,12.76,751
751,dfgfdhfgh_1,1.19544,-77.26854,12.77,752
752,dfgfdhfgh_1,1.19538,-77.26858,12.78,753
753,dfgfdhfgh_1,1.19528,-77.26863,12.79,754
754,dfgfdhfgh_1,1.19521,-77.26867,12.8,755
755,dfgfdhfgh_1,1.19518,-77.26869,12.8,756
756,dfgfdhfgh_1,1.19511,-77.26868,12.81,757
757,dfgfdhfgh_1,1.19509,-77.26874,12.82,758
758,dfgfdhfgh_1,1.19496,-77.26882,12.84,759
759,dfgfdhfgh_1,1.19487,-77.26886,12.85,760
760,dfgfdhfgh_1,1.19477,-77.26892,12.86,761
761,dfgfdhfgh_1,1.19466,-77.26899,12.87,762
762,dfgfdhfgh_1,1.19462,-77.26903,12.88,763
763,dfgfdhfgh_1,1.1946,-77.26904,12.88,764
764,dfgfdhfgh_1,1.19452,-77.26908,12.89,765
765,dfgfdhfgh_1,1.19455,-77.26915,12.9,766
766,dfgfdhfgh_1,1.19448,-77.26932,12.92,767
767,dfgfdhfgh_1,1.19445,-77.26939,12.93,768
768,dfgfdhfgh_1,1.19439,-77.26943,12.94,769
769,dfgfdhfgh_1,1.19441,-77.26949,12.95,770
770,dfgfdhfgh_1,1.19434,-77.26966,12.97,771
771,dfgfdhfgh_1,1.19427,-77.26984,12.99,772
772,dfgfdhfgh_1,1.19421,-77.27001,13.01,773
773,dfgfdhfgh_1,1.19418,-77.27009,13.02,774
774,dfgfdhfgh_1,1.19419,-77.27015,13.03,775
775,dfgfdhfgh_1,1.19415,-77.27019,13.04,776
776,dfgfdhfgh_1,1.19421,-77.27024,13.05,777
777,dfgfdhfgh_1,1.19428,-77.27051,13.08,778
778,dfgfdhfgh_1,1.19429,-77.2706,13.09,779
779,dfgfdhfgh_1,1.19431,-77.27082,13.11,780
780,dfgfdhfgh_1,1.19433,-77.2711,13.14,781
781,dfgfdhfgh_1,1.19434,-77.27134,13.17,782
782,dfgfdhfgh_1,1.19429,-77.27139,13.18,783
783,dfgfdhfgh_1,1.19433,-77.27143,13.19,784
784,dfgfdhfgh_1,1.19433,-77.27145,13.19,785
785,dfgfdhfgh_1,1.19428,-77.27149,13.2,786
786,dfgfdhfgh_1,1.19433,-77.27156,13.21,787
787,dfgfdhfgh_1,1.1943,-77.27206,13.27,788
788,dfgfdhfgh_1,1.19425,-77.27212,13.28,789
789,dfgfdhfgh_1,1.19428,-77.27217,13.29,790
790,dfgfdhfgh_1,1.19425,-77.2724,13.32,791
791,dfgfdhfgh_1,1.1942,-77.27244,13.33,792
792,dfgfdhfgh_1,1.19421,-77.27253,13.34,793
793,dfgfdhfgh_1,1.1941,-77.27273,13.37,794
794,dfgfdhfgh_1,1.194,-77.27293,13.39,795
795,dfgfdhfgh_1,1.19392,-77.27311,13.41,796
796,dfgfdhfgh_1,1.19385,-77.27327,13.43,797
797,dfgfdhfgh_1,1.19385,-77.27328,13.43,798
798,dfgfdhfgh_1,1.19378,-77.27331,13.44,799
799,dfgfdhfgh_1,1.19371,-77.27331,13.45,800
800,dfgfdhfgh_1,1.19347,-77.27319,13.48,801
801,dfgfdhfgh_1,1.19342,-77.27317,13.49,802
802,dfgfdhfgh_1,1.1934,-77.27312,13.5,803
803,dfgfdhfgh_1,1.19338,-77.27307,13.51,804
804,dfgfdhfgh_1,1.19337,-77.27297,13.52,805
805,dfgfdhfgh_1,1.19335,-77.27295,13.52,806
806,dfgfdhfgh_1,1.19337,-77.2729,13.53,807
807,dfgfdhfgh_1,1.1933,-77.27288,13.54,808
808,dfgfdhfgh_1,1.19323,-77.27286,13.55,809
809,dfgfdhfgh_1,1.19315,-77.27285,13.56,810
810,dfgfdhfgh_1,1.19311,-77.27285,13.56,811
811,dfgfdhfgh_1,1.19306,-77.2728,13.57,812
812,dfgfdhfgh_1,1.19302,-77.27284,13.58,813
813,dfgfdhfgh_1,1.19285,-77.27288,13.6,814
814,dfgfdhfgh_1,1.19277,-77.27286,13.61,815
815,dfgfdhfgh_1,1.19274,-77.27291,13.62,816
816,dfgfdhfgh_1,1.1926,-77.27296,13.64,817
817,dfgfdhfgh_1,1.19254,-77.27298,13.65,818
818,dfgfdhfgh_1,1.19246,-77.27297,13.66,819
819,dfgfdhfgh_1,1.19241,-77.27302,13.67,820
820,dfgfdhfgh_1,1.19227,-77.27306,13.69,821
821,dfgfdhfgh_1,1.19216,-77.27308,13.7,822
822,dfgfdhfgh_1,1.1921,-77.2731,13.71,823
823,dfgfdhfgh_1,1.19202,-77.27308,13.72,824
824,dfgfdhfgh_1,1.19196,-77.27311,13.73,825
825,dfgfdhfgh_1,1.19176,-77.27311,13.75,826
826,dfgfdhfgh_1,1.19169,-77.27311,13.76,827
827,dfgfdhfgh_1,1.19162,-77.27307,13.77,828
828,dfgfdhfgh_1,1.19157,-77.27311,13.78,829
829,dfgfdhfgh_1,1.19142,-77.27313,13.8,830
830,dfgfdhfgh_1,1.19126,-77.27316,13.82,831
831,dfgfdhfgh_1,1.19111,-77.27318,13.84,832
832,dfgfdhfgh_1,1.19101,-77.2732,13.85,833
833,dfgfdhfgh_1,1.19088,-77.27321,13.86,834
834,dfgfdhfgh_1,1.19081,-77.27317,13.87,835
835,dfgfdhfgh_1,1.19075,-77.2732,13.88,836
836,dfgfdhfgh_1,1.19055,-77.27313,13.9,837
837,dfgfdhfgh_1,1.19053,-77.27308,13.91,838
838,dfgfdhfgh_1,1.19046,-77.2731,13.92,839
839,dfgfdhfgh_1,1.19031,-77.27305,13.94,840
840,dfgfdhfgh_1,1.19024,-77.27304,13.95,841
841,dfgfdhfgh_1,1.19021,-77.27299,13.96,842
842,dfgfdhfgh_1,1.19016,-77.27301,13.97,843
843,dfgfdhfgh_1,1.19004,-77.27299,13.98,844
844,dfgfdhfgh_1,1.18997,-77.27298,13.99,845
845,dfgfdhfgh_1,1.18991,-77.27294,14.0,846
846,dfgfdhfgh_1,1.18987,-77.27298,14.01,847
847,dfgfdhfgh_1,1.1898,-77.27298,14.02,848
848,dfgfdhfgh_1,1.18969,-77.27301,14.03,849
849,dfgfdhfgh_1,1.18954,-77.27305,14.05,850
850,dfgfdhfgh_1,1.18953,-77.27306,14.05,851
851,dfgfdhfgh_1,1.18945,-77.27305,14.06,852
852,dfgfdhfgh_1,1.18941,-77.2731,14.07,853
853,dfgfdhfgh_1,1.18935,-77.27312,14.08,854
854,dfgfdhfgh_1,1.18926,-77.27316,14.09,855
855,dfgfdhfgh_1,1.18916,-77.27318,14.1,856
856,dfgfdhfgh_1,1.18901,-77.27322,14.12,857
857,dfgfdhfgh_1,1.18884,-77.27323,14.14,858
858,dfgfdhfgh_1,1.18876,-77.27318,14.15,859
859,dfgfdhfgh_1,1.18869,-77.27321,14.16,860
860,dfgfdhfgh_1,1.1885,-77.27317,14.18,861
861,dfgfdhfgh_1,1.18845,-77.27313,14.19,862
862,dfgfdhfgh_1,1.18843,-77.27316,14.19,863
863,dfgfdhfgh_1,1.18839,-77.27316,14.19,864
864,dfgfdhfgh_1,1.18837,-77.27312,14.19,865
865,dfgfdhfgh_1,1.18831,-77.27315,14.2,866
866,dfgfdhfgh_1,1.18813,-77.27311,14.22,867
867,dfgfdhfgh_1,1.18795,-77.2731,14.24,868
868,dfgfdhfgh_1,1.18771,-77.27306,14.27,869
869,dfgfdhfgh_1,1.18753,-77.27304,14.29,870
870,dfgfdhfgh_1,1.18743,-77.27299,14.3,871
871,dfgfdhfgh_1,1.18736,-77.27299,14.31,872
872,dfgfdhfgh_1,1.18722,-77.27294,14.33,873
873,dfgfdhfgh_1,1.18703,-77.27288,14.35,874
874,dfgfdhfgh_1,1.18699,-77.27282,14.36,875
875,dfgfdhfgh_1,1.18692,-77.27282,14.37,876
876,dfgfdhfgh_1,1.18675,-77.27276,14.39,877
877,dfgfdhfgh_1,1.18658,-77.27269,14.41,878
878,dfgfdhfgh_1,1.18643,-77.27263,14.43,879
879,dfgfdhfgh_1,1.18638,-77.27258,14.44,880
880,dfgfdhfgh_1,1.18633,-77.27259,14.45,881
881,dfgfdhfgh_1,1.18624,-77.27253,14.46,882
882,dfgfdhfgh_1,1.18617,-77.27249,14.47,883
883,dfgfdhfgh_1,1.18613,-77.27247,14.47,884
884,dfgfdhfgh_1,1.1861,-77.27241,14.48,885
885,dfgfdhfgh_1,1.18604,-77.27238,14.49,886
886,dfgfdhfgh_1,1.18597,-77.2723,14.5,887
887,dfgfdhfgh_1,1.18589,-77.27226,14.51,888
888,dfgfdhfgh_1,1.18583,-77.27222,14.52,889
889,dfgfdhfgh_1,1.18586,-77.27232,14.53,890
890,dfgfdhfgh_1,1.1858,-77.2725,14.55,891
891,dfgfdhfgh_1,1.18572,-77.27267,14.57,892
892,dfgfdhfgh_1,1.18568,-77.2728,14.59,893
893,dfgfdhfgh_1,1.1856,-77.27299,14.61,894
894,dfgfdhfgh_1,1.18554,-77.27313,14.63,895
895,dfgfdhfgh_1,1.1855,-77.2732,14.64,896
896,dfgfdhfgh_1,1.18543,-77.27324,14.65,897
897,dfgfdhfgh_1,1.18551,-77.27325,14.66,898
898,dfgfdhfgh_1,1.18561,-77.27334,14.67,899
899,dfgfdhfgh_1,1.18565,-77.27337,14.68,900
900,dfgfdhfgh_1,1.18569,-77.2734,14.69,901
901,dfgfdhfgh_1,1.18571,-77.27344,14.69,902
902,dfgfdhfgh_1,1.18577,-77.27348,14.7,903
903,dfgfdhfgh_1,1.18579,-77.27351,14.7,904
904,dfgfdhfgh_1,1.18579,-77.27356,14.71,905
905,dfgfdhfgh_1,1.18587,-77.27356,14.72,906
906,dfgfdhfgh_1,1.18595,-77.27359,14.73,907
907,dfgfdhfgh_1,1.18599,-77.27364,14.74,908
908,dfgfdhfgh_1,1.18607,-77.27365,14.75,909
909,dfgfdhfgh_1,1.18623,-77.27373,14.77,910
910,dfgfdhfgh_1,1.18635,-77.27378,14.78,911
911,dfgfdhfgh_1,1.18647,-77.27383,14.79,912
912,dfgfdhfgh_1,1.18653,-77.27386,14.8,913
913,dfgfdhfgh_1,1.18658,-77.27391,14.81,914
914,dfgfdhfgh_1,1.18666,-77.27391,14.82,915
915,dfgfdhfgh_1,1.18686,-77.27399,14.84,916
916,dfgfdhfgh_1,1.1869,-77.27404,14.85,917
917,dfgfdhfgh_1,1.18691,-77.27394,14.86,918
918,dfgfdhfgh_1,1.18701,-77.27373,14.89,919
919,dfgfdhfgh_1,1.18701,-77.27371,14.89,920
920,dfgfdhfgh_1,1.18706,-77.27369,14.9,921
921,dfgfdhfgh_1,1.18705,-77.27362,14.91,922
922,dfgfdhfgh_1,1.1871,-77.27347,14.93,923
923,dfgfdhfgh_1,1.18711,-77.27343,14.93,924
924,dfgfdhfgh_1,1.18716,-77.27341,14.94,925
925,dfgfdhfgh_1,1.18724,-77.27341,14.95,926
926,dfgfdhfgh_1,1.18736,-77.27346,14.96,927
927,dfgfdhfgh_1,1.18739,-77.27351,14.97,928
928,dfgfdhfgh_1,1.18747,-77.2735,14.98,929
929,dfgfdhfgh_1,1.18763,-77.27358,15.0,930
930,dfgfdhfgh_1,1.18765,-77.27362,15.0,931
931,dfgfdhfgh_1,1.18773,-77.27362,15.01,932
932,dfgfdhfgh_1,1.18779,-77.27364,15.02,933
933,dfgfdhfgh_1,1.1878,-77.27369,15.03,934
934,dfgfdhfgh_1,1.18788,-77.27366,15.04,935
935,dfgfdhfgh_1,1.18791,-77.27368,15.04,936
936,dfgfdhfgh_1,1.18791,-77.27374,15.05,937
937,dfgfdhfgh_1,1.18799,-77.27373,15.06,938
938,dfgfdhfgh_1,1.18813,-77.2738,15.08,939
939,dfgfdhfgh_1,1.18815,-77.27384,15.08,940
940,dfgfdhfgh_1,1.18824,-77.27384,15.09,941
941,dfgfdhfgh_1,1.1884,-77.27391,15.11,942
942,dfgfdhfgh_1,1.18843,-77.27396,15.12,943
943,dfgfdhfgh_1,1.18851,-77.27396,15.13,944
944,dfgfdhfgh_1,1.1887,-77.27404,15.15,945
945,dfgfdhfgh_1,1.18872,-77.27408,15.15,946
946,dfgfdhfgh_1,1.1888,-77.27408,15.16,947
947,dfgfdhfgh_1,1.18903,-77.27418,15.19,948
948,dfgfdhfgh_1,1.18906,-77.27423,15.2,949
949,dfgfdhfgh_1,1.18914,-77.27423,15.21,950
950,dfgfdhfgh_1,1.18929,-77.27429,15.23,951
951,dfgfdhfgh_1,1.18931,-77.27434,15.24,952
952,dfgfdhfgh_1,1.18939,-77.27433,15.25,953
953,dfgfdhfgh_1,1.18957,-77.27441,15.27,954
954,dfgfdhfgh_1,1.18961,-77.27445,15.28,955
955,dfgfdhfgh_1,1.18963,-77.27451,15.29,956
956,dfgfdhfgh_1,1.18958,-77.27461,15.3,957
957,dfgfdhfgh_1,1.18953,-77.27464,15.31,958
958,dfgfdhfgh_1,1.18954,-77.27469,15.32,959
959,dfgfdhfgh_1,1.18948,-77.27484,15.34,960
960,dfgfdhfgh_1,1.18942,-77.27488,15.35,961
961,dfgfdhfgh_1,1.18943,-77.27494,15.36,962
962,dfgfdhfgh_1,1.18935,-77.27512,15.38,963
963,dfgfdhfgh_1,1.18929,-77.27517,15.39,964
964,dfgfdhfgh_1,1.18937,-77.27517,15.4,965
965,dfgfdhfgh_1,1.18945,-77.27524,15.41,966
966,dfgfdhfgh_1,1.18951,-77.27528,15.42,967
967,dfgfdhfgh_1,1.18951,-77.27529,15.42,968
968,dfgfdhfgh_1,1.1896,-77.27538,15.43,969
969,dfgfdhfgh_1,1.18962,-77.27542,15.43,970
970,dfgfdhfgh_1,1.18963,-77.27548,15.44,971
971,dfgfdhfgh_1,1.18972,-77.2755,15.45,972
972,dfgfdhfgh_1,1.1898,-77.27558,15.46,973
973,dfgfdhfgh_1,1.18985,-77.27564,15.47,974
974,dfgfdhfgh_1,1.18985,-77.2757,15.48,975
975,dfgfdhfgh_1,1.18992,-77.27574,15.49,976
976,dfgfdhfgh_1,1.19,-77.27587,15.51,977
977,dfgfdhfgh_1,1.19002,-77.27591,15.51,978
978,dfgfdhfgh_1,1.19002,-77.27597,15.52,979
979,dfgfdhfgh_1,1.19007,-77.27601,15.53,980
980,dfgfdhfgh_1,1.19013,-77.27621,15.55,981
981,dfgfdhfgh_1,1.19016,-77.27627,15.56,982
982,dfgfdhfgh_1,1.19017,-77.2763,15.56,983
983,dfgfdhfgh_1,1.19017,-77.27637,15.57,984
984,dfgfdhfgh_1,1.19018,-77.27642,15.58,985
985,dfgfdhfgh_1,1.19015,-77.2765,15.59,986
986,dfgfdhfgh_1,1.1901,-77.27654,15.6,987
987,dfgfdhfgh_1,1.19011,-77.27658,15.6,988
988,dfgfdhfgh_1,1.19009,-77.27663,15.61,989
989,dfgfdhfgh_1,1.19006,-77.27667,15.62,990
990,dfgfdhfgh_1,1.19009,-77.27671,15.63,991
991,dfgfdhfgh_1,1.19011,-77.27684,15.64,992
992,dfgfdhfgh_1,1.19008,-77.27689,15.65,993
993,dfgfdhfgh_1,1.19016,-77.27693,15.66,994
994,dfgfdhfgh_1,1.19025,-77.27705,15.68,995
995,dfgfdhfgh_1,1.19032,-77.27715,15.69,996
996,dfgfdhfgh_1,1.19038,-77.27723,15.7,997
997,dfgfdhfgh_1,1.19046,-77.27736,15.72,998
998,dfgfdhfgh_1,1.19055,-77.27745,15.73,999
999,dfgfdhfgh_1,1.19065,-77.27752,15.74,1000
1000,dfgfdhfgh_1,1.19082,-77.27762,15.76,1001
1001,dfgfdhfgh_1,1.19096,-77.2777,15.78,1002
1002,dfgfdhfgh_1,1.19116,-77.27781,15.81,1003
1003,dfgfdhfgh_1,1.19131,-77.27787,15.83,1004
1004,dfgfdhfgh_1,1.19134,-77.27789,15.83,1005
1005,dfgfdhfgh_1,1.19138,-77.27793,15.84,1006
1006,dfgfdhfgh_1,1.19146,-77.27791,15.85,1007
1007,dfgfdhfgh_1,1.19157,-77.27791,15.86,1008
1008,dfgfdhfgh_1,1.19167,-77.27788,15.87,1009
1009,dfgfdhfgh_1,1.19175,-77.27782,15.88,1010
1010,dfgfdhfgh_1,1.19178,-77.2778,15.88,1011
1011,dfgfdhfgh_1,1.19181,-77.27776,15.89,1012
1012,dfgfdhfgh_1,1.19183,-77.2777,15.9,1013
1013,dfgfdhfgh_1,1.19189,-77.27768,15.91,1014
1014,dfgfdhfgh_1,1.1919,-77.27761,15.92,1015
1015,dfgfdhfgh_1,1.19194,-77.27755,15.93,1016
1016,dfgfdhfgh_1,1.19197,-77.2775,15.94,1017
1017,dfgfdhfgh_1,1.192,-77.27745,15.95,1018
1018,dfgfdhfgh_1,1.19202,-77.27736,15.96,1019
1019,dfgfdhfgh_1,1.19203,-77.27735,15.96,1020
1020,dfgfdhfgh_1,1.19204,-77.27726,15.97,1021
1021,dfgfdhfgh_1,1.19204,-77.27722,15.97,1022
1022,dfgfdhfgh_1,1.19208,-77.27718,15.98,1023
1023,dfgfdhfgh_1,1.19206,-77.27712,15.99,1024
1024,dfgfdhfgh_1,1.19212,-77.27688,16.02,1025
1025,dfgfdhfgh_1,1.19216,-77.27682,16.03,1026
1026,dfgfdhfgh_1,1.19222,-77.27678,16.04,1027
1027,dfgfdhfgh_1,1.19242,-77.27677,16.06,1028
1028,dfgfdhfgh_1,1.19262,-77.27674,16.08,1029
1029,dfgfdhfgh_1,1.19274,-77.27672,16.09,1030
1030,dfgfdhfgh_1,1.19281,-77.27675,16.1,1031
1031,dfgfdhfgh_1,1.19278,-77.2767,16.11,1032
1032,dfgfdhfgh_1,1.1928,-77.27658,16.12,1033
1033,dfgfdhfgh_1,1.19286,-77.27653,16.13,1034
1034,dfgfdhfgh_1,1.19284,-77.27646,16.14,1035
1035,dfgfdhfgh_1,1.19288,-77.27615,16.17,1036
1036,dfgfdhfgh_1,1.19293,-77.27609,16.18,1037
1037,dfgfdhfgh_1,1.1929,-77.27603,16.19,1038
1038,dfgfdhfgh_1,1.19293,-77.27585,16.21,1039
1039,dfgfdhfgh_1,1.19299,-77.27579,16.22,1040
1040,dfgfdhfgh_1,1.19295,-77.27574,16.23,1041
1041,dfgfdhfgh_1,1.19296,-77.27571,16.23,1042
1042,dfgfdhfgh_1,1.19301,-77.2757,16.24,1043
1043,dfgfdhfgh_1,1.19297,-77.27566,16.25,1044
1044,dfgfdhfgh_1,1.19299,-77.27543,16.28,1045
1045,dfgfdhfgh_1,1.19305,-77.27541,16.29,1046
1046,dfgfdhfgh_1,1.19301,-77.27537,16.3,1047
1047,dfgfdhfgh_1,1.19304,-77.27514,16.33,1048
1048,dfgfdhfgh_1,1.19306,-77.275,16.35,1049
1049,dfgfdhfgh_1,1.1931,-77.27486,16.37,1050
1050,dfgfdhfgh_1,1.1931,-77.27482,16.37,1051
1051,dfgfdhfgh_1,1.19315,-77.27478,16.38,1052
1052,dfgfdhfgh_1,1.19312,-77.27473,16.39,1053
1053,dfgfdhfgh_1,1.19317,-77.27457,16.41,1054
1054,dfgfdhfgh_1,1.1932,-77.27442,16.43,1055
1055,dfgfdhfgh_1,1.19323,-77.27432,16.44,1056
1056,dfgfdhfgh_1,1.19326,-77.27424,16.45,1057
1057,dfgfdhfgh_1,1.19327,-77.27421,16.45,1058
1058,dfgfdhfgh_1,1.19332,-77.27418,16.46,1059
1059,dfgfdhfgh_1,1.19333,-77.27412,16.47,1060
1060,dfgfdhfgh_1,1.19339,-77.27402,16.48,1061
1061,dfgfdhfgh_1,1.19342,-77.27397,16.49,1062
1062,dfgfdhfgh_1,1.19346,-77.27396,16.49,1063
1063,dfgfdhfgh_1,1.19354,-77.27395,16.5,1064
1064,dfgfdhfgh_1,1.19366,-77.27401,16.51,1065
1065,dfgfdhfgh_1,1.19368,-77.27405,16.51,1066
1066,dfgfdhfgh_1,1.19376,-77.27404,16.52,1067
1067,dfgfdhfgh_1,1.19396,-77.27411,16.54,1068
1068,dfgfdhfgh_1,1.19407,-77.27415,16.55,1069
1069,dfgfdhfgh_1,1.19419,-77.27419,16.56,1070
1070,dfgfdhfgh_1,1.19433,-77.27424,16.58,1071
1071,dfgfdhfgh_1,1.19434,-77.27425,16.58,1072
1072,dfgfdhfgh_1,1.19439,-77.27429,16.59,1073
1073,dfgfdhfgh_1,1.19447,-77.27429,16.6,1074
1074,dfgfdhfgh_1,1.19467,-77.27437,16.62,1075
1075,dfgfdhfgh_1,1.19478,-77.2744,16.63,1076
1076,dfgfdhfgh_1,1.19483,-77.27442,16.64,1077
1077,dfgfdhfgh_1,1.19486,-77.27446,16.65,1078
1078,dfgfdhfgh_1,1.19495,-77.27446,16.66,1079
1079,dfgfdhfgh_1,1.19504,-77.27451,16.67,1080
1080,dfgfdhfgh_1,1.19511,-77.27453,16.68,1081
1081,dfgfdhfgh_1,1.19513,-77.27456,16.68,1082
1082,dfgfdhfgh_1,1.19521,-77.27456,16.69,1083
1083,dfgfdhfgh_1,1.19531,-77.2746,16.7,1084
1084,dfgfdhfgh_1,1.19534,-77.27463,16.7,1085
1085,dfgfdhfgh_1,1.19543,-77.27462,16.71,1086
1086,dfgfdhfgh_1,1.19564,-77.27471,16.74,1087
1087,dfgfdhfgh_1,1.19577,-77.27475,16.76,1088
1088,dfgfdhfgh_1,1.19587,-77.27479,16.77,1089
1089,dfgfdhfgh_1,1.19591,-77.27483,16.78,1090
1090,dfgfdhfgh_1,1.19599,-77.27482,16.79,1091
1091,dfgfdhfgh_1,1.19621,-77.27491,16.82,1092
1092,dfgfdhfgh_1,1.19627,-77.27496,16.83,1093
1093,dfgfdhfgh_1,1.19636,-77.27499,16.84,1094
1094,dfgfdhfgh_1,1.19645,-77.27499,16.85,1095
1095,dfgfdhfgh_1,1.19658,-77.27504,16.87,1096
1096,dfgfdhfgh_1,1.1967,-77.27509,16.88,1097
1097,dfgfdhfgh_1,1.19679,-77.27511,16.89,1098
1098,dfgfdhfgh_1,1.19686,-77.27512,16.9,1099
1099,dfgfdhfgh_1,1.19702,-77.27519,16.92,1100
1100,dfgfdhfgh_1,1.19711,-77.27523,16.93,1101
1101,dfgfdhfgh_1,1.19722,-77.27528,16.94,1102
1102,dfgfdhfgh_1,1.19733,-77.27532,16.95,1103
1103,dfgfdhfgh_1,1.19743,-77.27537,16.96,1104
1104,dfgfdhfgh_1,1.19749,-77.27543,16.97,1105
1105,dfgfdhfgh_1,1.19754,-77.27547,16.98,1106
1106,dfgfdhfgh_1,1.19759,-77.2757,17.01,1107
1107,dfgfdhfgh_1,1.19762,-77.27582,17.02,1108
1108,dfgfdhfgh_1,1.1976,-77.27588,17.03,1109
1109,dfgfdhfgh_1,1.19766,-77.27583,17.04,1110
1110,dfgfdhfgh_1,1.19794,-77.27579,17.07,1111
1111,dfgfdhfgh_1,1.19813,-77.27576,17.09,1112
1112,dfgfdhfgh_1,1.19822,-77.27575,17.1,1113
1113,dfgfdhfgh_1,1.19828,-77.27577,17.11,1114
1114,dfgfdhfgh_1,1.19826,-77.27571,17.12,1115
1115,dfgfdhfgh_1,1.19832,-77.27556,17.14,1116
1116,dfgfdhfgh_1,1.19836,-77.27546,17.15,1117
1117,dfgfdhfgh_1,1.19841,-77.27542,17.16,1118
1118,dfgfdhfgh_1,1.1984,-77.27534,17.17,1119
1119,dfgfdhfgh_1,1.19849,-77.27516,17.19,1120
1120,dfgfdhfgh_1,1.19858,-77.27495,17.22,1121
1121,dfgfdhfgh_1,1.19863,-77.27484,17.23,1122
1122,dfgfdhfgh_1,1.19869,-77.27482,17.24,1123
1123,dfgfdhfgh_1,1.19868,-77.27474,17.25,1124
1124,dfgfdhfgh_1,1.19875,-77.27454,17.27,1125
1125,dfgfdhfgh_1,1.19879,-77.27442,17.28,1126
1126,dfgfdhfgh_1,1.19887,-77.27421,17.3,1127
1127,dfgfdhfgh_1,1.19892,-77.27405,17.32,1128
1128,dfgfdhfgh_1,1.19896,-77.27393,17.33,1129
1129,dfgfdhfgh_1,1.19902,-77.27386,17.34,1130
1130,dfgfdhfgh_1,1.19902,-77.27376,17.35,1131
1131,dfgfdhfgh_1,1.19907,-77.27361,17.37,1132
1132,dfgfdhfgh_1,1.1991,-77.27355,17.38,1133
1133,dfgfdhfgh_1,1.19914,-77.27352,17.39,1134
1134,dfgfdhfgh_1,1.19913,-77.27344,17.4,1135
1135,dfgfdhfgh_1,1.19917,-77.27336,17.41,1136
1136,dfgfdhfgh_1,1.19922,-77.27333,17.42,1137
1137,dfgfdhfgh_1,1.19922,-77.27325,17.43,1138
1138,dfgfdhfgh_1,1.19933,-77.27299,17.46,1139
1139,dfgfdhfgh_1,1.19939,-77.27296,17.47,1140
1140,dfgfdhfgh_1,1.19938,-77.27288,17.48,1141
1141,dfgfdhfgh_1,1.19959,-77.27254,17.52,1142
1142,dfgfdhfgh_1,1.19974,-77.27233,17.55,1143
1143,dfgfdhfgh_1,1.19993,-77.27205,17.59,1144
1144,dfgfdhfgh_1,1.20018,-77.2717,17.64,1145
1145,dfgfdhfgh_1,1.20024,-77.2717,17.65,1146
1146,dfgfdhfgh_1,1.20023,-77.27165,17.66,1147
1147,dfgfdhfgh_1,1.20027,-77.27161,17.67,1148
1148,dfgfdhfgh_1,1.20029,-77.27163,17.67,1149
1149,dfgfdhfgh_1,1.2003,-77.27156,17.68,1150
1150,dfgfdhfgh_1,1.20038,-77.27144,17.7,1151
1151,dfgfdhfgh_1,1.20047,-77.27134,17.71,1152
1152,dfgfdhfgh_1,1.2005,-77.27129,17.72,1153
1153,dfgfdhfgh_1,1.20056,-77.27127,17.73,1154
1154,dfgfdhfgh_1,1.20057,-77.27119,17.74,1155
1155,dfgfdhfgh_1,1.20066,-77.27106,17.76,1156
1156,dfgfdhfgh_1,1.20075,-77.27092,17.78,1157
1157,dfgfdhfgh_1,1.20084,-77.2708,17.8,1158
1158,dfgfdhfgh_1,1.2009,-77.27072,17.81,1159
1159,dfgfdhfgh_1,1.20096,-77.27071,17.82,1160
1160,dfgfdhfgh_1,1.20099,-77.27062,17.83,1161
1161,dfgfdhfgh_1,1.20111,-77.27049,17.85,1162
1162,dfgfdhfgh_1,1.2012,-77.27039,17.86,1163
1163,dfgfdhfgh_1,1.20126,-77.27033,17.87,1164
1164,dfgfdhfgh_1,1.2013,-77.27029,17.88,1165
1165,dfgfdhfgh_1,1.20136,-77.27028,17.89,1166
1166,dfgfdhfgh_1,1.20136,-77.27023,17.9,1167
1167,dfgfdhfgh_1,1.2014,-77.27019,17.91,1168
1168,dfgfdhfgh_1,1.20144,-77.2702,17.91,1169
1169,dfgfdhfgh_1,1.20152,-77.27023,17.92,1170
1170,dfgfdhfgh_1,1.20158,-77.27031,17.93,1171
1171,dfgfdhfgh_1,1.20158,-77.27037,17.94,1172
1172,dfgfdhfgh_1,1.20166,-77.27042,17.95,1173
1173,dfgfdhfgh_1,1.20181,-77.27064,17.98,1174
1174,dfgfdhfgh_1,1.2018,-77.2707,17.99,1175
1175,dfgfdhfgh_1,1.20185,-77.27074,18.0,1176
1176,dfgfdhfgh_1,1.20185,-77.27077,18.0,1177
1177,dfgfdhfgh_1,1.2019,-77.27082,18.01,1178
1178,dfgfdhfgh_1,1.2019,-77.27085,18.01,1179
1179,dfgfdhfgh_1,1.20198,-77.27089,18.02,1180
1180,dfgfdhfgh_1,1.20213,-77.27107,18.05,1181
1181,dfgfdhfgh_1,1.20223,-77.2712,18.07,1182
1182,dfgfdhfgh_1,1.20233,-77.27133,18.09,1183
1183,dfgfdhfgh_1,1.20238,-77.2714,18.1,1184
1184,dfgfdhfgh_1,1.20239,-77.27146,18.11,1185
1185,dfgfdhfgh_1,1.20247,-77.27147,18.12,1186
1186,dfgfdhfgh_1,1.20245,-77.27154,18.13,1187
1187,dfgfdhfgh_1,1.20247,-77.27159,18.14,1188
1188,dfgfdhfgh_1,1.20245,-77.27161,18.14,1189
1189,dfgfdhfgh_1,1.2024,-77.27165,18.15,1190
1190,dfgfdhfgh_1,1.20244,-77.27172,18.16,1191
1191,dfgfdhfgh_1,1.20237,-77.27186,18.18,1192
1192,dfgfdhfgh_1,1.20233,-77.27196,18.19,1193
1193,dfgfdhfgh_1,1.2023,-77.27202,18.2,1194
1194,dfgfdhfgh_1,1.20223,-77.27206,18.21,1195
1195,dfgfdhfgh_1,1.20224,-77.27212,18.22,1196
1196,dfgfdhfgh_1,1.20222,-77.27214,18.22,1197
1197,dfgfdhfgh_1,1.20216,-77.27218,18.23,1198
1198,dfgfdhfgh_1,1.20225,-77.2722,18.24,1199
1199,dfgfdhfgh_1,1.20237,-77.27235,18.26,1200
1200,dfgfdhfgh_1,1.2025,-77.27249,18.28,1201
1201,dfgfdhfgh_1,1.20261,-77.2726,18.3,1202
1202,dfgfdhfgh_1,1.20271,-77.27273,18.32,1203
1203,dfgfdhfgh_1,1.20283,-77.27287,18.34,1204
1204,dfgfdhfgh_1,1.20292,-77.27298,18.36,1205
1205,dfgfdhfgh_1,1.20294,-77.27307,18.37,1206
1206,dfgfdhfgh_1,1.20303,-77.27311,18.38,1207
1207,dfgfdhfgh_1,1.20326,-77.27335,18.42,1208
1208,dfgfdhfgh_1,1.20336,-77.27346,18.44,1209
1209,dfgfdhfgh_1,1.20349,-77.2736,18.46,1210
1210,dfgfdhfgh_1,1.20362,-77.27375,18.48,1211
1211,dfgfdhfgh_1,1.20365,-77.27379,18.49,1212
1212,dfgfdhfgh_1,1.20366,-77.27387,18.5,1213
1213,dfgfdhfgh_1,1.20376,-77.27392,18.51,1214
1214,dfgfdhfgh_1,1.20398,-77.2742,18.55,1215
1215,dfgfdhfgh_1,1.2041,-77.27434,18.57,1216
1216,dfgfdhfgh_1,1.20415,-77.2744,18.58,1217
1217,dfgfdhfgh_1,1.20422,-77.27446,18.59,1218
1218,dfgfdhfgh_1,1.20424,-77.27448,18.59,1219
1219,dfgfdhfgh_1,1.20429,-77.27456,18.6,1220
1220,dfgfdhfgh_1,1.20427,-77.27452,18.6,1221
1221,dfgfdhfgh_1,1.20429,-77.27445,18.61,1222
1222,dfgfdhfgh_1,1.20432,-77.27442,18.61,1223
1223,dfgfdhfgh_1,1.20442,-77.27442,18.62,1224
1224,dfgfdhfgh_1,1.2054,-77.27488,18.74,1225
1225,dfgfdhfgh_1,1.20544,-77.27494,18.75,1226
1226,dfgfdhfgh_1,1.20554,-77.27495,18.76,1227
1227,dfgfdhfgh_1,1.20595,-77.27514,18.81,1228
1228,dfgfdhfgh_1,1.20599,-77.27519,18.82,1229
1229,dfgfdhfgh_1,1.20612,-77.27521,18.83,1230
1230,dfgfdhfgh_1,1.20726,-77.2757,18.97,1231
1231,dfgfdhfgh_1,1.20731,-77.27575,18.98,1232
1232,dfgfdhfgh_1,1.2074,-77.27575,18.99,1233
1233,dfgfdhfgh_1,1.20751,-77.2758,19.0,1234
1234,dfgfdhfgh_1,1.20755,-77.27584,19.01,1235
1235,dfgfdhfgh_1,1.20766,-77.27586,19.02,1236
1236,dfgfdhfgh_1,1.20839,-77.27617,19.11,1237
1237,dfgfdhfgh_1,1.20846,-77.27623,19.12,1238
1238,dfgfdhfgh_1,1.20856,-77.27623,19.13,1239
1239,dfgfdhfgh_1,1.20879,-77.27634,19.16,1240
1240,dfgfdhfgh_1,1.20901,-77.27642,19.19,1241
1241,dfgfdhfgh_1,1.2092,-77.2765,19.21,1242
1242,dfgfdhfgh_1,1.20926,-77.27652,19.22,1243
1243,dfgfdhfgh_1,1.20929,-77.27659,19.23,1244
1244,dfgfdhfgh_1,1.20938,-77.27659,19.24,1245
1245,dfgfdhfgh_1,1.20956,-77.27666,19.26,1246
1246,dfgfdhfgh_1,1.20962,-77.27669,19.27,1247
1247,dfgfdhfgh_1,1.20966,-77.27675,19.28,1248
1248,dfgfdhfgh_1,1.20977,-77.27675,19.29,1249
1249,dfgfdhfgh_1,1.21007,-77.27687,19.33,1250
1250,dfgfdhfgh_1,1.21037,-77.27699,19.37,1251
1251,dfgfdhfgh_1,1.2105,-77.27704,19.39,1252
1252,dfgfdhfgh_1,1.21056,-77.27707,19.4,1253
1253,dfgfdhfgh_1,1.21061,-77.27713,19.41,1254
1254,dfgfdhfgh_1,1.21069,-77.27711,19.42,1255
1255,dfgfdhfgh_1,1.21095,-77.27723,19.45,1256
1256,dfgfdhfgh_1,1.21099,-77.27724,19.45,1257
1257,dfgfdhfgh_1,1.21102,-77.2773,19.46,1258
1258,dfgfdhfgh_1,1.21111,-77.27729,19.47,1259
1259,dfgfdhfgh_1,1.2113,-77.27738,19.49,1260
1260,dfgfdhfgh_1,1.21136,-77.27741,19.5,1261
1261,dfgfdhfgh_1,1.21137,-77.27746,19.51,1262
1262,dfgfdhfgh_1,1.21145,-77.27745,19.52,1263
1263,dfgfdhfgh_1,1.21168,-77.27753,19.55,1264
1264,dfgfdhfgh_1,1.2117,-77.27755,19.55,1265
1265,dfgfdhfgh_1,1.21173,-77.27759,19.56,1266
1266,dfgfdhfgh_1,1.21181,-77.27758,19.57,1267
1267,dfgfdhfgh_1,1.21212,-77.2777,19.61,1268
1268,dfgfdhfgh_1,1.21228,-77.27777,19.63,1269
1269,dfgfdhfgh_1,1.21231,-77.27782,19.64,1270
1270,dfgfdhfgh_1,1.2124,-77.27781,19.65,1271
1271,dfgfdhfgh_1,1.21257,-77.27789,19.67,1272
1272,dfgfdhfgh_1,1.21274,-77.27797,19.69,1273
1273,dfgfdhfgh_1,1.21292,-77.27804,19.71,1274
1274,dfgfdhfgh_1,1.21306,-77.2781,19.73,1275
1275,dfgfdhfgh_1,1.21312,-77.27818,19.74,1276
1276,dfgfdhfgh_1,1.21321,-77.27818,19.75,1277
1277,dfgfdhfgh_1,1.21349,-77.2783,19.78,1278
1278,dfgfdhfgh_1,1.21374,-77.27841,19.81,1279
1279,dfgfdhfgh_1,1.21392,-77.27848,19.83,1280
1280,dfgfdhfgh_1,1.21397,-77.27854,19.84,1281
1281,dfgfdhfgh_1,1.21406,-77.27854,19.85,1282
1282,dfgfdhfgh_1,1.21484,-77.27888,19.94,1283
1283,dfgfdhfgh_1,1.21487,-77.27894,19.95,1284
1284,dfgfdhfgh_1,1.21496,-77.27893,19.96,1285
1285,dfgfdhfgh_1,1.21534,-77.27907,20.01,1286
1286,dfgfdhfgh_1,1.21556,-77.27914,20.04,1287
1287,dfgfdhfgh_1,1.21568,-77.27918,20.05,1288
1288,dfgfdhfgh_1,1.21572,-77.27925,20.06,1289
1289,dfgfdhfgh_1,1.21582,-77.27925,20.07,1290
1290,dfgfdhfgh_1,1.21604,-77.27935,20.1,1291
1291,dfgfdhfgh_1,1.2162,-77.27942,20.12,1292
1292,dfgfdhfgh_1,1.21638,-77.2795,20.14,1293
1293,dfgfdhfgh_1,1.21654,-77.27957,20.16,1294
1294,dfgfdhfgh_1,1.21657,-77.27962,20.17,1295
1295,dfgfdhfgh_1,1.21667,-77.27964,20.18,1296
1296,dfgfdhfgh_1,1.21688,-77.27974,20.21,1297
1297,dfgfdhfgh_1,1.21709,-77.27983,20.24,1298
1298,dfgfdhfgh_1,1.21729,-77.27991,20.26,1299
1299,dfgfdhfgh_1,1.2174,-77.27996,20.27,1300
1300,dfgfdhfgh_1,1.21743,-77.27999,20.27,1301
1301,dfgfdhfgh_1,1.21753,-77.27999,20.28,1302
1302,dfgfdhfgh_1,1.21787,-77.28013,20.32,1303
1303,dfgfdhfgh_1,1.21814,-77.28026,20.35,1304
1304,dfgfdhfgh_1,1.21824,-77.2803,20.36,1305
1305,dfgfdhfgh_1,1.21829,-77.28037,20.37,1306
1306,dfgfdhfgh_1,1.21839,-77.28037,20.38,1307
1307,dfgfdhfgh_1,1.21875,-77.28055,20.42,1308
1308,dfgfdhfgh_1,1.21879,-77.28059,20.43,1309
1309,dfgfdhfgh_1,1.21888,-77.28061,20.44,1310
1310,dfgfdhfgh_1,1.21915,-77.28074,20.47,1311
1311,dfgfdhfgh_1,1.21918,-77.28079,20.48,1312
1312,dfgfdhfgh_1,1.2193,-77.28081,20.49,1313
1313,dfgfdhfgh_1,1.21989,-77.28106,20.56,1314
1314,dfgfdhfgh_1,1.21995,-77.28111,20.57,1315
1315,dfgfdhfgh_1,1.22004,-77.28113,20.58,1316
1316,dfgfdhfgh_1,1.22053,-77.28133,20.64,1317
1317,dfgfdhfgh_1,1.22057,-77.28138,20.65,1318
1318,dfgfdhfgh_1,1.22067,-77.28139,20.66,1319
1319,dfgfdhfgh_1,1.2208,-77.28144,20.68,1320
1320,dfgfdhfgh_1,1.22084,-77.28147,20.69,1321
1321,dfgfdhfgh_1,1.22094,-77.28149,20.7,1322
1322,dfgfdhfgh_1,1.22118,-77.28168,20.73,1323
1323,dfgfdhfgh_1,1.22121,-77.28173,20.74,1324
1324,dfgfdhfgh_1,1.22123,-77.28179,20.75,1325
1325,dfgfdhfgh_1,1.22115,-77.28178,20.76,1326
1326,dfgfdhfgh_1,1.22114,-77.28187,20.77,1327
1327,dfgfdhfgh_1,1.22097,-77.28204,20.8,1328
1328,dfgfdhfgh_1,1.2208,-77.28221,20.83,1329
1329,dfgfdhfgh_1,1.22066,-77.28235,20.85,1330
1330,dfgfdhfgh_1,1.22057,-77.28244,20.86,1331
1331,dfgfdhfgh_1,1.22049,-77.28247,20.87,1332
1332,dfgfdhfgh_1,1.22048,-77.28255,20.88,1333
1333,dfgfdhfgh_1,1.2203,-77.28273,20.91,1334
1334,dfgfdhfgh_1,1.22011,-77.28293,20.94,1335
1335,dfgfdhfgh_1,1.21995,-77.2831,20.97,1336
1336,dfgfdhfgh_1,1.21994,-77.2831,20.97,1337
1337,dfgfdhfgh_1,1.21986,-77.28313,20.98,1338
1338,dfgfdhfgh_1,1.21985,-77.2832,20.99,1339
1339,dfgfdhfgh_1,1.21971,-77.28334,21.01,1340
1340,dfgfdhfgh_1,1.21951,-77.28353,21.04,1341
1341,dfgfdhfgh_1,1.21936,-77.28369,21.06,1342
1342,dfgfdhfgh_1,1.21935,-77.28371,21.06,1343
1343,dfgfdhfgh_1,1.21927,-77.28373,21.07,1344
1344,dfgfdhfgh_1,1.21926,-77.2838,21.08,1345
1345,dfgfdhfgh_1,1.21917,-77.28393,21.1,1346
1346,dfgfdhfgh_1,1.21908,-77.28403,21.11,1347
1347,dfgfdhfgh_1,1.21898,-77.28412,21.12,1348
1348,dfgfdhfgh_1,1.2189,-77.28419,21.13,1349
1349,dfgfdhfgh_1,1.21881,-77.28422,21.14,1350
1350,dfgfdhfgh_1,1.21877,-77.28424,21.14,1351
1351,dfgfdhfgh_1,1.21875,-77.28428,21.14,1352
1352,dfgfdhfgh_1,1.21827,-77.28464,21.21,1353
1353,dfgfdhfgh_1,1.2182,-77.28467,21.22,1354
1354,dfgfdhfgh_1,1.21817,-77.28474,21.23,1355
1355,dfgfdhfgh_1,1.21793,-77.28492,21.26,1356
1356,dfgfdhfgh_1,1.21776,-77.28505,21.28,1357
1357,dfgfdhfgh_1,1.21756,-77.2852,21.31,1358
1358,dfgfdhfgh_1,1.21756,-77.28521,21.31,1359
1359,dfgfdhfgh_1,1.21748,-77.28522,21.32,1360
1360,dfgfdhfgh_1,1.21747,-77.28528,21.33,1361
1361,dfgfdhfgh_1,1.21734,-77.28538,21.35,1362
1362,dfgfdhfgh_1,1.21697,-77.28565,21.4,1363
1363,dfgfdhfgh_1,1.21682,-77.28575,21.42,1364
1364,dfgfdhfgh_1,1.21674,-77.28577,21.43,1365
1365,dfgfdhfgh_1,1.21672,-77.28583,21.44,1366
1366,dfgfdhfgh_1,1.21653,-77.28598,21.47,1367
1367,dfgfdhfgh_1,1.21631,-77.28615,21.5,1368
1368,dfgfdhfgh_1,1.21619,-77.28619,21.51,1369
1369,dfgfdhfgh_1,1.21617,-77.28626,21.52,1370
1370,dfgfdhfgh_1,1.21571,-77.28659,21.58,1371
1371,dfgfdhfgh_1,1.21563,-77.2866,21.59,1372
1372,dfgfdhfgh_1,1.21561,-77.28667,21.6,1373
1373,dfgfdhfgh_1,1.21521,-77.28695,21.65,1374
1374,dfgfdhfgh_1,1.21518,-77.28697,21.65,1375
1375,dfgfdhfgh_1,1.2151,-77.28697,21.66,1376
1376,dfgfdhfgh_1,1.21509,-77.28703,21.67,1377
1377,dfgfdhfgh_1,1.21475,-77.28728,21.72,1378
1378,dfgfdhfgh_1,1.21468,-77.28733,21.73,1379
1379,dfgfdhfgh_1,1.2146,-77.28734,21.74,1380
1380,dfgfdhfgh_1,1.21458,-77.28741,21.75,1381
1381,dfgfdhfgh_1,1.21421,-77.28767,21.8,1382
1382,dfgfdhfgh_1,1.21412,-77.28769,21.81,1383
1383,dfgfdhfgh_1,1.21407,-77.2877,21.82,1384
1384,dfgfdhfgh_1,1.21387,-77.28741,21.86,1385
1385,dfgfdhfgh_1,1.21386,-77.28732,21.87,1386
1386,dfgfdhfgh_1,1.21379,-77.2873,21.88,1387
1387,dfgfdhfgh_1,1.2134,-77.28673,21.96,1388
1388,dfgfdhfgh_1,1.2134,-77.28665,21.97,1389
1389,dfgfdhfgh_1,1.21333,-77.28664,21.98,1390
1390,dfgfdhfgh_1,1.21321,-77.28649,22.0,1391
1391,dfgfdhfgh_1,1.21325,-77.28643,22.01,1392
1392,dfgfdhfgh_1,1.21317,-77.28641,22.02,1393
1393,dfgfdhfgh_1,1.21301,-77.2862,22.05,1394
1394,dfgfdhfgh_1,1.21302,-77.28613,22.06,1395
1395,dfgfdhfgh_1,1.21294,-77.28612,22.07,1396
1396,dfgfdhfgh_1,1.2128,-77.28594,22.1,1397
1397,dfgfdhfgh_1,1.21275,-77.28589,22.11,1398
1398,dfgfdhfgh_1,1.21272,-77.28589,22.11,1399
1399,dfgfdhfgh_1,1.21265,-77.28582,22.12,1400
1400,dfgfdhfgh_1,1.21266,-77.28589,22.13,1401
1401,dfgfdhfgh_1,1.21263,-77.28595,22.14,1402
1402,dfgfdhfgh_1,1.21258,-77.28602,22.15,1403
1403,dfgfdhfgh_1,1.21255,-77.28604,22.15,1404
1404,dfgfdhfgh_1,1.21245,-77.28612,22.16,1405
1405,dfgfdhfgh_1,1.21239,-77.28617,22.17,1406
1406,dfgfdhfgh_1,1.2123,-77.28629,22.19,1407
1407,dfgfdhfgh_1,1.21221,-77.28631,22.2,1408
1408,dfgfdhfgh_1,1.2122,-77.28639,22.21,1409
1409,dfgfdhfgh_1,1.21214,-77.28649,22.22,1410
1410,dfgfdhfgh_1,1.21201,-77.28666,22.24,1411
1411,dfgfdhfgh_1,1.21191,-77.2868,22.26,1412
1412,dfgfdhfgh_1,1.21182,-77.28689,22.27,1413
1413,dfgfdhfgh_1,1.21173,-77.28693,22.28,1414
1414,dfgfdhfgh_1,1.21173,-77.287,22.29,1415
1415,dfgfdhfgh_1,1.21151,-77.28724,22.33,1416
1416,dfgfdhfgh_1,1.21126,-77.2875,22.37,1417
1417,dfgfdhfgh_1,1.21114,-77.28766,22.39,1418
1418,dfgfdhfgh_1,1.21106,-77.28767,22.4,1419
1419,dfgfdhfgh_1,1.21105,-77.28775,22.41,1420
1420,dfgfdhfgh_1,1.21086,-77.28795,22.44,1421
1421,dfgfdhfgh_1,1.21063,-77.2882,22.48,1422
1422,dfgfdhfgh_1,1.21049,-77.28835,22.5,1423
1423,dfgfdhfgh_1,1.21037,-77.28847,22.52,1424
1424,dfgfdhfgh_1,1.21032,-77.28852,22.53,1425
1425,dfgfdhfgh_1,1.21026,-77.28855,22.54,1426
1426,dfgfdhfgh_1,1.21019,-77.28859,22.55,1427
1427,dfgfdhfgh_1,1.21009,-77.2886,22.56,1428
1428,dfgfdhfgh_1,1.21012,-77.28866,22.57,1429
1429,dfgfdhfgh_1,1.21003,-77.28862,22.58,1430
1430,dfgfdhfgh_1,1.21,-77.28868,22.59,1431
1431,dfgfdhfgh_1,1.20994,-77.28873,22.6,1432
1432,dfgfdhfgh_1,1.20982,-77.28888,22.62,1433
1433,dfgfdhfgh_1,1.20938,-77.28944,22.7,1434
1434,dfgfdhfgh_1,1.2093,-77.28946,22.71,1435
1435,dfgfdhfgh_1,1.2093,-77.28954,22.72,1436
1436,dfgfdhfgh_1,1.20913,-77.28978,22.75,1437
1437,dfgfdhfgh_1,1.20907,-77.28985,22.76,1438
1438,dfgfdhfgh_1,1.20899,-77.28988,22.77,1439
1439,dfgfdhfgh_1,1.20903,-77.28994,22.78,1440
1440,dfgfdhfgh_1,1.20895,-77.28994,22.79,1441
1441,dfgfdhfgh_1,1.20899,-77.28999,22.8,1442
1442,dfgfdhfgh_1,1.2089,-77.29001,22.81,1443
1443,dfgfdhfgh_1,1.20894,-77.29006,22.82,1444
1444,dfgfdhfgh_1,1.20893,-77.29009,22.82,1445
1445,dfgfdhfgh_1,1.20885,-77.29008,22.83,1446
1446,dfgfdhfgh_1,1.20885,-77.29015,22.84,1447
1447,dfgfdhfgh_1,1.20873,-77.2903,22.86,1448
1448,dfgfdhfgh_1,1.20854,-77.29053,22.89,1449
1449,dfgfdhfgh_1,1.20836,-77.29073,22.92,1450
1450,dfgfdhfgh_1,1.20818,-77.29095,22.95,1451
1451,dfgfdhfgh_1,1.20812,-77.29104,22.96,1452
1452,dfgfdhfgh_1,1.20804,-77.29106,22.97,1453
1453,dfgfdhfgh_1,1.20804,-77.29113,22.98,1454
1454,dfgfdhfgh_1,1.20785,-77.29137,23.01,1455
1455,dfgfdhfgh_1,1.20762,-77.29165,23.05,1456
1456,dfgfdhfgh_1,1.20755,-77.29174,23.06,1457
1457,dfgfdhfgh_1,1.20747,-77.29178,23.07,1458
1458,dfgfdhfgh_1,1.20746,-77.29186,23.08,1459
1459,dfgfdhfgh_1,1.20728,-77.29206,23.11,1460
1460,dfgfdhfgh_1,1.20713,-77.29224,23.14,1461
1461,dfgfdhfgh_1,1.20697,-77.29243,23.17,1462
1462,dfgfdhfgh_1,1.20689,-77.29254,23.19,1463
1463,dfgfdhfgh_1,1.20679,-77.29257,23.2,1464
1464,dfgfdhfgh_1,1.2068,-77.29263,23.21,1465
1465,dfgfdhfgh_1,1.20675,-77.2927,23.22,1466
1466,dfgfdhfgh_1,1.20667,-77.29272,23.23,1467
1467,dfgfdhfgh_1,1.20667,-77.29279,23.24,1468
1468,dfgfdhfgh_1,1.20659,-77.29288,23.25,1469
1469,dfgfdhfgh_1,1.2065,-77.29298,23.26,1470
1470,dfgfdhfgh_1,1.20644,-77.29306,23.27,1471
1471,dfgfdhfgh_1,1.20636,-77.29315,23.28,1472
1472,dfgfdhfgh_1,1.20623,-77.29329,23.3,1473
1473,dfgfdhfgh_1,1.20617,-77.29336,23.31,1474
1474,dfgfdhfgh_1,1.20608,-77.29338,23.32,1475
1475,dfgfdhfgh_1,1.2061,-77.29344,23.33,1476
1476,dfgfdhfgh_1,1.20593,-77.29375,23.37,1477
1477,dfgfdhfgh_1,1.20584,-77.29391,23.39,1478
1478,dfgfdhfgh_1,1.20582,-77.29392,23.39,1479
1479,dfgfdhfgh_1,1.20575,-77.29396,23.4,1480
1480,dfgfdhfgh_1,1.20577,-77.29405,23.41,1481
1481,dfgfdhfgh_1,1.20561,-77.29433,23.45,1482
1482,dfgfdhfgh_1,1.20554,-77.29438,23.46,1483
1483,dfgfdhfgh_1,1.20555,-77.29444,23.47,1484
1484,dfgfdhfgh_1,1.2054,-77.29474,23.51,1485
1485,dfgfdhfgh_1,1.20536,-77.29482,23.52,1486
1486,dfgfdhfgh_1,1.20528,-77.29487,23.53,1487
1487,dfgfdhfgh_1,1.20524,-77.29488,23.53,1488
1488,dfgfdhfgh_1,1.2052,-77.29486,23.53,1489
1489,dfgfdhfgh_1,1.20518,-77.29478,23.54,1490
1490,dfgfdhfgh_1,1.2051,-77.29479,23.55,1491
1491,dfgfdhfgh_1,1.20495,-77.29469,23.57,1492
1492,dfgfdhfgh_1,1.20476,-77.29457,23.59,1493
1493,dfgfdhfgh_1,1.20458,-77.29445,23.61,1494
1494,dfgfdhfgh_1,1.20452,-77.29441,23.62,1495
1495,dfgfdhfgh_1,1.2045,-77.29434,23.63,1496
1496,dfgfdhfgh_1,1.20442,-77.29432,23.64,1497
1497,dfgfdhfgh_1,1.2043,-77.29422,23.66,1498
1498,dfgfdhfgh_1,1.20419,-77.29413,23.68,1499
1499,dfgfdhfgh_1,1.20418,-77.29406,23.69,1500
1500,dfgfdhfgh_1,1.2041,-77.29404,23.7,1501
1501,dfgfdhfgh_1,1.20389,-77.2939,23.73,1502
1502,dfgfdhfgh_1,1.20385,-77.29386,23.74,1503
1503,dfgfdhfgh_1,1.20381,-77.29378,23.75,1504
1504,dfgfdhfgh_1,1.20375,-77.29378,23.76,1505
1505,dfgfdhfgh_1,1.2037,-77.29374,23.77,1506
1506,dfgfdhfgh_1,1.20372,-77.2937,23.77,1507
1507,dfgfdhfgh_1,1.20367,-77.29371,23.78,1508
1508,dfgfdhfgh_1,1.20352,-77.2936,23.8,1509
1509,dfgfdhfgh_1,1.20345,-77.29356,23.81,1510
1510,dfgfdhfgh_1,1.20343,-77.2935,23.82,1511
1511,dfgfdhfgh_1,1.20338,-77.29355,23.83,1512
1512,dfgfdhfgh_1,1.20305,-77.29361,23.87,1513
1513,dfgfdhfgh_1,1.20297,-77.29356,23.88,1514
1514,dfgfdhfgh_1,1.20293,-77.29362,23.89,1515
1515,dfgfdhfgh_1,1.20209,-77.29374,23.98,1516
1516,dfgfdhfgh_1,1.20204,-77.29371,23.99,1517
1517,dfgfdhfgh_1,1.20201,-77.29377,24.0,1518
1518,dfgfdhfgh_1,1.20168,-77.29383,24.04,1519
1519,dfgfdhfgh_1,1.20162,-77.29378,24.05,1520
1520,dfgfdhfgh_1,1.20156,-77.29379,24.06,1521
1521,dfgfdhfgh_1,1.20133,-77.29362,24.09,1522
1522,dfgfdhfgh_1,1.2013,-77.29356,24.1,1523
1523,dfgfdhfgh_1,1.20124,-77.29357,24.11,1524
1524,dfgfdhfgh_1,1.20098,-77.2934,24.14,1525
1525,dfgfdhfgh_1,1.20094,-77.29332,24.15,1526
1526,dfgfdhfgh_1,1.20096,-77.29339,24.16,1527
1527,dfgfdhfgh_1,1.20095,-77.29341,24.16,1528
1528,dfgfdhfgh_1,1.20087,-77.29343,24.17,1529
1529,dfgfdhfgh_1,1.20087,-77.2935,24.18,1530
1530,dfgfdhfgh_1,1.20081,-77.29353,24.19,1531
1531,dfgfdhfgh_1,1.20073,-77.29352,24.2,1532
1532,dfgfdhfgh_1,1.20069,-77.29357,24.21,1533
1533,dfgfdhfgh_1,1.20054,-77.29359,24.23,1534
1534,dfgfdhfgh_1,1.20025,-77.29363,24.26,1535
1535,dfgfdhfgh_1,1.20004,-77.29366,24.28,1536
1536,dfgfdhfgh_1,1.19982,-77.29369,24.3,1537
1537,dfgfdhfgh_1,1.1998,-77.2937,24.3,1538
1538,dfgfdhfgh_1,1.19972,-77.29373,24.31,1539
1539,dfgfdhfgh_1,1.19974,-77.29379,24.32,1540
1540,dfgfdhfgh_1,1.19972,-77.29385,24.33,1541
1541,dfgfdhfgh_1,1.19972,-77.29389,24.33,1542
1542,dfgfdhfgh_1,1.19967,-77.29394,24.34,1543
1543,dfgfdhfgh_1,1.19969,-77.29399,24.35,1544
1544,dfgfdhfgh_1,1.19965,-77.29408,24.36,1545
1545,dfgfdhfgh_1,1.19952,-77.29425,24.38,1546
1546,dfgfdhfgh_1,1.19922,-77.29465,24.44,1547
1547,dfgfdhfgh_1,1.19904,-77.29489,24.47,1548
1548,dfgfdhfgh_1,1.19883,-77.29518,24.51,1549
1549,dfgfdhfgh_1,1.19866,-77.2954,24.54,1550
1550,dfgfdhfgh_1,1.19857,-77.29553,24.56,1551
1551,dfgfdhfgh_1,1.19848,-77.29557,24.57,1552
1552,dfgfdhfgh_1,1.19856,-77.29559,24.58,1553
1553,dfgfdhfgh_1,1.19879,-77.29574,24.61,1554
1554,dfgfdhfgh_1,1.19882,-77.2958,24.62,1555
1555,dfgfdhfgh_1,1.1989,-77.29581,24.63,1556
1556,dfgfdhfgh_1,1.19909,-77.29593,24.65,1557
1557,dfgfdhfgh_1,1.19911,-77.29599,24.66,1558
1558,dfgfdhfgh_1,1.19919,-77.296,24.67,1559
1559,dfgfdhfgh_1,1.19937,-77.2961,24.69,1560
1560,dfgfdhfgh_1,1.19939,-77.29616,24.7,1561
1561,dfgfdhfgh_1,1.19947,-77.29617,24.71,1562
1562,dfgfdhfgh_1,1.19966,-77.29629,24.73,1563
1563,dfgfdhfgh_1,1.19968,-77.29635,24.74,1564
1564,dfgfdhfgh_1,1.19977,-77.29635,24.75,1565
1565,dfgfdhfgh_1,1.19994,-77.29646,24.77,1566
1566,dfgfdhfgh_1,1.19996,-77.29652,24.78,1567
1567,dfgfdhfgh_1,1.20005,-77.29654,24.79,1568
1568,dfgfdhfgh_1,1.20026,-77.29666,24.82,1569
1569,dfgfdhfgh_1,1.20027,-77.29671,24.83,1570
1570,dfgfdhfgh_1,1.20035,-77.29672,24.84,1571
1571,dfgfdhfgh_1,1.2006,-77.29688,24.87,1572
1572,dfgfdhfgh_1,1.20061,-77.29694,24.88,1573
1573,dfgfdhfgh_1,1.20069,-77.29695,24.89,1574
1574,dfgfdhfgh_1,1.20087,-77.29709,24.92,1575
1575,dfgfdhfgh_1,1.20089,-77.29715,24.93,1576
1576,dfgfdhfgh_1,1.20097,-77.29716,24.94,1577
1577,dfgfdhfgh_1,1.20114,-77.29725,24.96,1578
1578,dfgfdhfgh_1,1.20117,-77.29731,24.97,1579
1579,dfgfdhfgh_1,1.20125,-77.29733,24.98,1580
1580,dfgfdhfgh_1,1.20141,-77.2974,25.0,1581
1581,dfgfdhfgh_1,1.20144,-77.29746,25.01,1582
1582,dfgfdhfgh_1,1.20152,-77.29746,25.02,1583
1583,dfgfdhfgh_1,1.20171,-77.29755,25.04,1584
1584,dfgfdhfgh_1,1.20174,-77.2976,25.05,1585
1585,dfgfdhfgh_1,1.20182,-77.29759,25.06,1586
1586,dfgfdhfgh_1,1.20202,-77.29767,25.08,1587
1587,dfgfdhfgh_1,1.20204,-77.29771,25.08,1588
1588,dfgfdhfgh_1,1.20212,-77.29769,25.09,1589
1589,dfgfdhfgh_1,1.20226,-77.29772,25.11,1590
1590,dfgfdhfgh_1,1.20234,-77.29777,25.12,1591
1591,dfgfdhfgh_1,1.20235,-77.29782,25.13,1592
1592,dfgfdhfgh_1,1.20244,-77.29783,25.14,1593
1593,dfgfdhfgh_1,1.20259,-77.29795,25.16,1594
1594,dfgfdhfgh_1,1.2026,-77.29801,25.17,1595
1595,dfgfdhfgh_1,1.2027,-77.29802,25.18,1596
1596,dfgfdhfgh_1,1.20291,-77.29819,25.21,1597
1597,dfgfdhfgh_1,1.20301,-77.29827,25.22,1598
1598,dfgfdhfgh_1,1.20303,-77.29834,25.23,1599
1599,dfgfdhfgh_1,1.20305,-77.29841,25.24,1600
1600,dfgfdhfgh_1,1.20298,-77.29848,25.25,1601
1601,dfgfdhfgh_1,1.20284,-77.29864,25.27,1602
1602,dfgfdhfgh_1,1.20275,-77.29876,25.29,1603
1603,dfgfdhfgh_1,1.20264,-77.29892,25.31,1604
1604,dfgfdhfgh_1,1.20249,-77.29917,25.34,1605
1605,dfgfdhfgh_1,1.20219,-77.29967,25.4,1606
1606,dfgfdhfgh_1,1.20186,-77.30029,25.48,1607
1607,dfgfdhfgh_1,1.2018,-77.30037,25.49,1608
1608,dfgfdhfgh_1,1.20171,-77.30056,25.51,1609
1609,dfgfdhfgh_1,1.20153,-77.30105,25.57,1610
1610,dfgfdhfgh_1,1.20148,-77.30119,25.59,1611
1611,dfgfdhfgh_1,1.20141,-77.30136,25.61,1612
1612,dfgfdhfgh_1,1.20138,-77.30151,25.63,1613
1613,dfgfdhfgh_1,1.20142,-77.30188,25.67,1614
1614,dfgfdhfgh_1,1.20145,-77.30208,25.69,1615
1615,dfgfdhfgh_1,1.20149,-77.30215,25.7,1616
1616,dfgfdhfgh_1,1.20154,-77.30225,25.71,1617
1617,dfgfdhfgh_1,1.20162,-77.30237,25.73,1618
1618,dfgfdhfgh_1,1.20173,-77.30253,25.75,1619
1619,dfgfdhfgh_1,1.20178,-77.30265,25.76,1620
1620,dfgfdhfgh_1,1.20179,-77.30279,25.78,1621
1621,dfgfdhfgh_1,1.20179,-77.30297,25.8,1622
1622,dfgfdhfgh_1,1.20175,-77.30317,25.82,1623
1623,dfgfdhfgh_1,1.20162,-77.3034,25.85,1624
1624,dfgfdhfgh_1,1.20151,-77.30355,25.87,1625
1625,dfgfdhfgh_1,1.20139,-77.30371,25.89,1626
1626,dfgfdhfgh_1,1.20102,-77.30423,25.96,1627
1627,dfgfdhfgh_1,1.20076,-77.30459,26.01,1628
1628,dfgfdhfgh_1,1.20054,-77.3049,26.05,1629
1629,dfgfdhfgh_1,1.20039,-77.30509,26.08,1630
1630,dfgfdhfgh_1,1.20025,-77.30526,26.1,1631
1631,dfgfdhfgh_1,1.20019,-77.30531,26.11,1632
1632,dfgfdhfgh_1,1.20009,-77.30531,26.12,1633
1633,dfgfdhfgh_1,1.20008,-77.30538,26.13,1634
1634,dfgfdhfgh_1,1.19995,-77.30548,26.15,1635
1635,dfgfdhfgh_1,1.19991,-77.30551,26.16,1636
1636,dfgfdhfgh_1,1.19985,-77.30556,26.17,1637
1637,dfgfdhfgh_1,1.19982,-77.30559,26.17,1638
1638,dfgfdhfgh_1,1.19979,-77.30564,26.18,1639
1639,dfgfdhfgh_1,1.19975,-77.30586,26.2,1640
1640,dfgfdhfgh_1,1.19967,-77.30624,26.24,1641
1641,dfgfdhfgh_1,1.19965,-77.30628,26.24,1642
1642,dfgfdhfgh_1,1.19957,-77.30633,26.25,1643
1643,dfgfdhfgh_1,1.19956,-77.30639,26.26,1644
1644,dfgfdhfgh_1,1.19953,-77.30641,26.26,1645
1645,dfgfdhfgh_1,1.19948,-77.30642,26.27,1646
1646,dfgfdhfgh_1,1.19944,-77.30641,26.27,1647
1647,dfgfdhfgh_1,1.19938,-77.30638,26.28,1648
1648,dfgfdhfgh_1,1.19934,-77.30632,26.29,1649
1649,dfgfdhfgh_1,1.19933,-77.30631,26.29,1650
1650,dfgfdhfgh_1,1.19929,-77.30622,26.3,1651
1651,dfgfdhfgh_1,1.19927,-77.30612,26.31,1652
1652,dfgfdhfgh_1,1.19925,-77.30603,26.32,1653
1653,dfgfdhfgh_1,1.19924,-77.306,26.32,1654
1654,dfgfdhfgh_1,1.19922,-77.30595,26.33,1655
1655,dfgfdhfgh_1,1.19924,-77.3059,26.34,1656
1656,dfgfdhfgh_1,1.19918,-77.30588,26.35,1657
1657,dfgfdhfgh_1,1.19901,-77.30579,26.37,1658
1658,dfgfdhfgh_1,1.1989,-77.30573,26.38,1659
1659,dfgfdhfgh_1,1.1988,-77.30568,26.39,1660
1660,dfgfdhfgh_1,1.19873,-77.30565,26.4,1661
1661,dfgfdhfgh_1,1.19869,-77.30563,26.4,1662
1662,dfgfdhfgh_1,1.19865,-77.30565,26.4,1663
1663,dfgfdhfgh_1,1.19861,-77.30563,26.4,1664
1664,dfgfdhfgh_1,1.19858,-77.30559,26.41,1665
1665,dfgfdhfgh_1,1.19856,-77.30566,26.42,1666
1666,dfgfdhfgh_1,1.19847,-77.30573,26.43,1667
1667,dfgfdhfgh_1,1.19837,-77.3058,26.44,1668
1668,dfgfdhfgh_1,1.1983,-77.30585,26.45,1669
1669,dfgfdhfgh_1,1.1982,-77.3059,26.46,1670
1670,dfgfdhfgh_1,1.19812,-77.30594,26.47,1671
1671,dfgfdhfgh_1,1.19806,-77.30596,26.48,1672
1672,dfgfdhfgh_1,1.19801,-77.30597,26.49,1673
1673,dfgfdhfgh_1,1.19795,-77.30597,26.5,1674
1674,dfgfdhfgh_1,1.19788,-77.30596,26.51,1675
1675,dfgfdhfgh_1,1.19779,-77.30592,26.52,1676
1676,dfgfdhfgh_1,1.19774,-77.30589,26.53,1677
1677,dfgfdhfgh_1,1.1977,-77.30582,26.54,1678
1678,dfgfdhfgh_1,1.19769,-77.30574,26.55,1679
1679,dfgfdhfgh_1,1.19771,-77.30567,26.56,1680
1680,dfgfdhfgh_1,1.19774,-77.3056,26.57,1681
1681,dfgfdhfgh_1,1.1978,-77.30555,26.58,1682
1682,dfgfdhfgh_1,1.19789,-77.3055,26.59,1683
1683,dfgfdhfgh_1,1.19798,-77.30544,26.6,1684
1684,dfgfdhfgh_1,1.19808,-77.30538,26.61,1685
1685,dfgfdhfgh_1,1.19813,-77.30535,26.62,1686
1686,dfgfdhfgh_1,1.19816,-77.30532,26.62,1687
1687,dfgfdhfgh_1,1.19817,-77.30527,26.63,1688
1688,dfgfdhfgh_1,1.19814,-77.30523,26.64,1689
1689,dfgfdhfgh_1,1.1981,-77.30521,26.64,1690
1690,dfgfdhfgh_1,1.198,-77.30521,26.65,1691
1691,dfgfdhfgh_1,1.19787,-77.30522,26.66,1692
1692,dfgfdhfgh_1,1.19751,-77.30525,26.7,1693
1693,dfgfdhfgh_1,1.19733,-77.30527,26.72,1694
1694,dfgfdhfgh_1,1.19721,-77.30528,26.73,1695
1695,dfgfdhfgh_1,1.19708,-77.3053,26.74,1696
1696,dfgfdhfgh_1,1.19698,-77.30532,26.75,1697
1697,dfgfdhfgh_1,1.19694,-77.30534,26.75,1698
1698,dfgfdhfgh_1,1.19684,-77.30533,26.76,1699
1699,dfgfdhfgh_1,1.19677,-77.30533,26.77,1700
1700,dfgfdhfgh_1,1.19652,-77.30519,26.8,1701
1701,dfgfdhfgh_1,1.19641,-77.30512,26.81,1702
1702,dfgfdhfgh_1,1.19629,-77.30505,26.83,1703
1703,dfgfdhfgh_1,1.19616,-77.30497,26.85,1704
1704,dfgfdhfgh_1,1.19611,-77.30494,26.86,1705
1705,dfgfdhfgh_1,1.19607,-77.30487,26.87,1706
1706,dfgfdhfgh_1,1.19603,-77.30489,26.87,1707
1707,dfgfdhfgh_1,1.19596,-77.30486,26.88,1708
1708,dfgfdhfgh_1,1.19592,-77.3048,26.89,1709
1709,dfgfdhfgh_1,1.19588,-77.30483,26.9,1710
1710,dfgfdhfgh_1,1.1957,-77.30479,26.92,1711
1711,dfgfdhfgh_1,1.19564,-77.30473,26.93,1712
1712,dfgfdhfgh_1,1.19562,-77.30477,26.93,1713
1713,dfgfdhfgh_1,1.19558,-77.30477,26.93,1714
1714,dfgfdhfgh_1,1.19553,-77.30475,26.94,1715
1715,dfgfdhfgh_1,1.19551,-77.30469,26.95,1716
1716,dfgfdhfgh_1,1.19545,-77.30471,26.96,1717
1717,dfgfdhfgh_1,1.19529,-77.3046,26.98,1718
1718,dfgfdhfgh_1,1.19516,-77.30451,27.0,1719
1719,dfgfdhfgh_1,1.19499,-77.3044,27.02,1720
1720,dfgfdhfgh_1,1.19481,-77.3043,27.04,1721
1721,dfgfdhfgh_1,1.19462,-77.30418,27.06,1722
1722,dfgfdhfgh_1,1.19441,-77.30405,27.09,1723
1723,dfgfdhfgh_1,1.19426,-77.30397,27.11,1724
1724,dfgfdhfgh_1,1.19408,-77.30387,27.13,1725
1725,dfgfdhfgh_1,1.19394,-77.30379,27.15,1726
1726,dfgfdhfgh_1,1.19378,-77.30372,27.17,1727
1727,dfgfdhfgh_1,1.19369,-77.30368,27.18,1728
1728,dfgfdhfgh_1,1.19367,-77.30361,27.19,1729
1729,dfgfdhfgh_1,1.19364,-77.30369,27.2,1730
1730,dfgfdhfgh_1,1.19356,-77.30387,27.22,1731
1731,dfgfdhfgh_1,1.19344,-77.30415,27.25,1732
1732,dfgfdhfgh_1,1.19321,-77.3047,27.32,1733
1733,dfgfdhfgh_1,1.19303,-77.30515,27.37,1734
1734,dfgfdhfgh_1,1.19291,-77.30542,27.4,1735
1735,dfgfdhfgh_1,1.19281,-77.30564,27.43,1736
1736,dfgfdhfgh_1,1.19276,-77.30578,27.45,1737
1737,dfgfdhfgh_1,1.19272,-77.30584,27.46,1738
1738,dfgfdhfgh_1,1.1928,-77.30583,27.47,1739
1739,dfgfdhfgh_1,1.19309,-77.30593,27.5,1740
1740,dfgfdhfgh_1,1.19312,-77.30599,27.51,1741
1741,dfgfdhfgh_1,1.19321,-77.30597,27.52,1742
1742,dfgfdhfgh_1,1.19363,-77.30609,27.57,1743
1743,dfgfdhfgh_1,1.19384,-77.30615,27.59,1744
1744,dfgfdhfgh_1,1.19386,-77.3062,27.6,1745
1745,dfgfdhfgh_1,1.19388,-77.30626,27.61,1746
1746,dfgfdhfgh_1,1.19377,-77.30653,27.64,1747
1747,dfgfdhfgh_1,1.19371,-77.3067,27.66,1748
1748,dfgfdhfgh_1,1.19364,-77.30675,27.67,1749
1749,dfgfdhfgh_1,1.19359,-77.30675,27.68,1750
1750,dfgfdhfgh_1,1.19343,-77.30671,27.7,1751
1751,dfgfdhfgh_1,1.19336,-77.30668,27.71,1752
1752,dfgfdhfgh_1,1.19331,-77.30666,27.72,1753
1753,dfgfdhfgh_1,1.19298,-77.30655,27.76,1754
1754,dfgfdhfgh_1,1.19292,-77.30652,27.77,1755
